,Player,TEAM,AGE,W,%FGA2PT,%FGA3PT,%PTS2PTÂ MR,%PTSFBPs,%PTSFT,%PTSOffTO,%PTSPITP,2FGM%AST,2FGM%UAST,3FGM%AST,3FGM%UAST
0,Anthony Edwards,MIN,19,23,57.1,42.9,4.5,11.1,15.1,15.5,43.5,39.2,60.8,63.2,36.8
1,Bojan Bogdanovic,UTA,32,52,50.2,49.8,3.4,13.5,19.0,13.6,33.5,41.2,58.8,96.1,3.9
2,Duncan Robinson,MIA,27,40,14.5,85.5,1.1,10.3,6.6,17.2,12.7,89.2,10.8,97.2,2.8
3,Dwayne Bacon,ORL,25,21,71.5,28.5,10.9,17.9,18.4,14.2,48.2,40.8,59.2,59.3,40.7
4,Enes Freedom,POR,29,42,99.3,0.7,0.2,4.0,15.7,10.7,83.6,45.9,54.1,100.0,0.0
5,Georges Niang,UTA,28,52,27.9,72.1,2.0,10.8,4.4,10.4,19.2,69.8,30.2,99.2,0.8
6,Ivica Zubac,LAC,24,47,99.0,1.0,0.6,5.2,20.7,7.8,78.2,73.4,26.6,100.0,0.0
7,Justin Holiday,IND,32,34,27.5,72.5,4.8,16.8,8.8,17.9,17.7,67.1,32.9,97.1,2.9
8,Mikal Bridges,PHX,24,51,52.9,47.1,3.9,21.9,11.4,21.4,43.3,76.4,23.6,98.5,1.5
9,Nikola Jokic,DEN,26,47,81.7,18.3,12.8,2.9,18.1,12.9,54.7,48.4,51.6,96.7,3.3
10,RJ Barrett,NYK,21,41,70.8,29.2,7.0,12.8,16.3,14.5,47.3,35.3,64.7,97.6,2.4
11,Andrew Wiggins,GSW,26,38,65.2,34.8,11.5,12.3,12.9,15.8,43.8,47.9,52.1,82.9,17.1
12,Buddy Hield,SAC,28,31,27.3,72.7,5.6,18.9,7.5,13.1,15.0,33.1,66.9,81.2,18.8
13,Eric Bledsoe,NOP,31,31,51.4,48.6,9.9,12.3,15.4,13.9,32.9,48.9,51.1,86.0,14.0
14,Julius Randle,NYK,26,40,70.6,29.4,20.0,4.9,20.4,14.1,31.7,34.2,65.8,79.4,20.6
15,Patrick Williams,CHI,19,30,73.9,26.1,14.7,9.6,13.9,13.4,46.7,73.6,26.4,98.1,1.9
16,Robin Lopez,WAS,33,34,95.8,4.2,1.6,1.9,15.5,12.5,80.7,61.7,38.3,100.0,0.0
17,Royce O'Neale,UTA,28,51,29.4,70.6,0.4,18.1,7.9,18.5,27.0,60.3,39.7,98.1,1.9
18,Rudy Gobert,UTA,29,52,99.3,0.7,0.2,4.7,23.0,9.0,76.8,76.7,23.3,0.0,0.0
19,Solomon Hill,ATL,30,41,28.9,71.1,2.5,7.3,11.0,13.9,22.1,59.0,41.0,100.0,0.0
20,Brook Lopez,MIL,33,46,56.1,43.9,5.1,5.0,13.9,8.6,47.7,69.2,30.8,95.8,4.2
21,Bryn Forbes,MIL,27,45,35.5,64.5,15.4,13.3,6.7,13.4,12.0,66.7,33.3,96.8,3.2
22,Chris Paul,PHX,36,49,70.6,29.4,34.3,9.4,14.7,12.9,24.4,8.3,91.7,41.2,58.8
23,Jae'Sean Tate,HOU,25,17,68.8,31.2,0.5,8.6,12.8,16.6,64.0,53.9,46.1,95.0,5.0
24,Kelly Olynyk,HOU,30,26,47.2,52.8,1.7,9.5,15.3,12.2,43.0,73.9,26.1,93.7,6.3
25,Naz Reid,MIN,21,22,70.1,29.9,0.3,4.8,14.7,14.0,61.7,62.6,37.4,100.0,0.0
26,Nikola Vucevic,CHI,30,26,68.5,31.5,20.3,5.9,8.0,8.3,39.5,61.6,38.4,99.4,0.6
27,Robert Covington,POR,30,42,30.1,69.9,2.4,9.4,8.4,16.5,20.9,65.2,34.8,94.8,5.2
28,Saddiq Bey,DET,22,19,33.4,66.6,2.6,14.4,14.4,17.6,21.7,49.0,51.0,92.6,7.4
29,Tim Hardaway Jr.,DAL,29,42,41.9,58.1,9.1,17.5,12.2,12.7,25.3,54.5,45.5,84.1,15.9
30,Tyus Jones,MEM,25,36,66.1,33.9,10.0,13.6,9.3,16.5,50.2,29.3,70.7,91.1,8.9
31,Carmelo Anthony,POR,37,39,58.2,41.8,31.2,10.4,14.8,12.2,10.8,27.8,72.2,78.2,21.8
32,Coby White,CHI,21,30,49.7,50.3,11.1,12.1,12.3,13.0,29.6,29.2,70.8,78.5,21.5
33,Danny Green,PHI,34,46,20.6,79.4,4.6,22.0,4.7,21.4,10.4,67.3,32.7,92.0,8.0
34,Deandre Ayton,PHX,22,48,97.1,2.9,8.0,5.4,13.3,13.2,77.4,71.4,28.6,100.0,0.0
35,Dwight Howard,PHI,35,46,93.4,6.6,2.9,3.3,25.1,12.7,68.9,59.0,41.0,80.0,20.0
36,Jakob Poeltl,SAS,25,32,100.0,0.0,3.0,3.0,10.6,12.6,86.3,75.5,24.5,0.0,0.0
37,Joe Harris,BKN,29,45,37.2,62.8,4.9,11.5,5.0,13.4,25.1,77.4,22.6,100.0,0.0
38,Keldon Johnson,SAS,21,32,74.3,25.7,5.2,13.2,16.5,16.1,57.9,67.3,32.7,91.7,8.3
39,Kevin Huerter,ATL,22,40,47.2,52.8,10.0,16.2,6.1,15.9,32.8,40.9,59.1,87.9,12.1
40,Kyle Anderson,MEM,27,36,60.3,39.7,9.1,17.0,16.9,18.0,41.0,44.9,55.1,86.2,13.8
41,Montrezl Harrell,LAL,27,41,98.3,1.7,5.8,8.3,19.4,15.8,74.8,60.5,39.5,0.0,0.0
42,Norman Powell,POR,28,32,54.7,45.3,4.8,16.2,18.4,16.3,36.8,54.7,45.3,83.6,16.4
43,Pat Connaughton,MIL,28,44,29.7,70.3,0.4,11.5,6.7,10.9,28.2,79.1,20.9,97.0,3.0
44,T.J. McConnell,IND,29,33,90.2,9.8,16.4,10.7,5.5,16.6,70.5,36.3,63.7,80.0,20.0
45,Terry Rozier,CHA,27,32,49.6,50.4,7.5,16.5,11.8,16.6,33.4,40.3,59.7,82.9,17.1
46,Derrick Favors,UTA,29,49,99.2,0.8,6.5,3.3,16.0,9.2,77.5,78.1,21.9,0.0,0.0
47,Desmond Bane,MEM,23,36,45.7,54.3,6.1,19.5,6.4,19.4,31.4,70.9,29.1,93.2,6.8
48,Isaiah Stewart,DET,20,20,84.6,15.4,5.2,4.7,11.9,15.6,71.1,65.9,34.1,100.0,0.0
49,Jalen Brunson,DAL,24,40,68.1,31.9,12.1,12.4,14.0,13.2,45.5,23.5,76.5,86.4,13.6
50,Jeff Green,BKN,34,44,52.8,47.2,3.7,13.1,16.7,14.3,38.4,72.8,27.2,95.1,4.9
51,Jordan Clarkson,UTA,29,49,44.3,55.7,2.6,12.1,10.3,13.3,37.3,16.5,83.5,63.0,37.0
52,Khris Middleton,MIL,29,45,66.0,34.0,21.2,9.2,15.3,11.2,30.8,33.3,66.7,64.9,35.1
53,Kyle Kuzma,LAL,25,40,49.8,50.2,6.2,16.2,7.7,16.5,39.1,54.5,45.5,92.7,7.3
54,Patty Mills,SAS,32,31,29.8,70.2,9.5,13.2,9.7,12.9,15.2,54.9,45.1,78.3,21.7
55,Ricky Rubio,MIN,30,23,57.0,43.0,7.9,9.8,22.4,13.9,35.7,39.4,60.6,93.9,6.1
56,Thaddeus Young,CHI,33,30,93.2,6.8,1.7,7.4,8.6,14.3,85.3,57.0,43.0,100.0,0.0
57,Damian Lillard,POR,30,39,47.2,52.8,7.5,8.4,23.3,12.0,26.5,17.7,82.3,39.3,60.7
58,Dejounte Murray,SAS,24,32,79.6,20.4,26.1,15.6,10.1,14.9,45.9,27.5,72.5,85.7,14.3
59,Devin Booker,PHX,24,48,71.2,28.8,19.7,13.9,19.8,13.4,38.3,39.4,60.6,65.9,34.1
60,Dillon Brooks,MEM,25,36,63.9,36.1,15.6,18.2,13.8,16.3,37.2,51.3,48.7,86.7,13.3
61,Isaac Okoro,CLE,20,20,61.7,38.3,0.9,18.7,17.6,13.3,52.6,65.9,34.1,87.1,12.9
62,Joe Ingles,UTA,33,47,27.8,72.2,0.5,13.5,9.4,13.5,22.2,31.5,68.5,71.6,28.4
63,Kent Bazemore,GSW,31,35,53.1,46.9,5.0,19.5,11.2,14.8,37.0,62.4,37.6,90.7,9.3
64,Kentavious Caldwell-Pope,LAL,28,39,42.1,57.9,7.0,21.3,14.9,20.7,23.0,81.6,18.4,95.0,5.0
65,Khem Birch,TOR,28,23,86.3,13.7,7.5,7.9,18.9,19.3,65.6,76.1,23.9,100.0,0.0
66,Nicolas Batum,LAC,32,44,34.0,66.0,8.5,11.1,8.9,15.9,21.5,77.8,22.2,99.1,0.9
67,Reggie Jackson,LAC,31,43,51.8,48.2,8.1,11.9,9.4,14.0,31.3,26.2,73.8,84.4,15.6
68,Terance Mann,LAC,24,45,74.0,26.0,4.7,18.9,16.5,13.6,54.7,50.7,49.3,84.2,15.8
69,Aaron Holiday,IND,24,30,58.3,41.7,7.6,18.5,14.3,16.0,35.8,45.6,54.4,92.5,7.5
70,Bismack Biyombo,CHA,28,28,99.6,0.4,0.0,7.3,14.2,17.2,85.8,87.3,12.7,0.0,0.0
71,Bobby Portis,MIL,26,44,73.7,26.3,15.6,9.0,7.2,16.0,47.7,53.6,46.4,100.0,0.0
72,Donte DiVincenzo,MIL,24,44,42.6,57.4,4.1,16.4,7.4,15.7,31.4,53.3,46.7,77.9,22.1
73,Doug McDermott,IND,29,32,57.0,43.0,1.6,13.7,8.9,14.9,52.5,77.4,22.6,100.0,0.0
74,Kenrich Williams,OKC,26,21,71.5,28.5,9.5,14.3,6.8,19.4,54.0,47.3,52.7,90.4,9.6
75,Lou Williams,ATL,34,44,73.2,26.8,17.4,7.6,20.1,14.3,35.0,27.6,72.4,58.0,42.0
76,Luka Doncic,DAL,22,40,59.4,40.6,9.7,5.5,18.8,10.8,40.0,9.5,90.5,23.4,76.6
77,Miles Bridges,CHA,23,31,53.4,46.6,1.7,11.9,11.7,15.4,45.2,71.6,28.4,81.9,18.1
78,Payton Pritchard,BOS,23,33,40.7,59.3,5.5,11.8,7.8,16.5,26.7,37.8,62.2,84.3,15.7
79,Svi Mykhailiuk,OKC,24,13,37.9,62.1,6.8,16.6,6.7,17.7,30.1,56.3,43.7,88.6,11.4
80,Bruce Brown,BKN,24,45,86.1,13.9,1.4,19.4,15.0,16.6,74.7,75.2,24.8,100.0,0.0
81,Daniel Theis,CHI,29,28,67.4,32.6,11.2,5.6,11.8,12.4,53.6,81.8,18.2,100.0,0.0
82,Facundo Campazzo,DEN,30,43,31.4,68.6,1.5,18.4,20.2,21.5,20.7,27.3,72.7,84.2,15.8
83,Matisse Thybulle,PHI,24,46,41.2,58.8,0.8,24.7,3.1,23.1,45.5,66.1,33.9,100.0,0.0
84,Reggie Bullock,NYK,30,38,29.1,70.9,9.9,18.9,7.0,15.2,14.1,85.9,14.1,97.5,2.5
85,Russell Westbrook,WAS,32,30,77.9,22.1,20.8,12.0,18.7,16.4,42.6,16.4,83.6,62.8,37.2
86,Talen Horton-Tucker,LAL,20,39,73.2,26.8,4.1,13.2,17.1,18.5,59.8,34.8,65.2,73.0,27.0
87,Theo Maledon,OKC,20,20,49.0,51.0,6.1,7.8,15.3,9.7,30.7,33.1,66.9,78.1,21.9
88,Alex Len,WAS,28,30,91.0,9.0,0.9,7.1,17.2,14.2,76.1,75.5,24.5,100.0,0.0
89,Anfernee Simons,POR,22,37,29.7,70.3,6.8,8.8,9.2,8.0,12.4,12.5,87.5,68.3,31.7
90,Bam Adebayo,MIA,23,34,99.0,1.0,12.0,6.3,23.6,15.0,63.8,65.6,34.4,100.0,0.0
91,Garrison Mathews,WAS,24,32,16.5,83.5,3.4,5.4,23.7,18.1,8.5,61.9,38.1,93.4,6.6
92,Immanuel Quickley,NYK,22,37,47.8,52.2,6.6,6.8,21.2,16.0,23.8,19.8,80.2,61.0,39.0
93,Jarred Vanderbilt,MIN,22,18,97.9,2.1,0.0,21.8,16.5,25.9,82.6,71.1,28.9,100.0,0.0
94,Jayson Tatum,BOS,23,34,63.2,36.8,11.9,9.9,17.4,18.9,37.5,38.3,61.7,46.5,53.5
95,Nerlens Noel,NYK,27,35,98.7,1.3,4.3,3.7,15.4,16.4,80.2,73.7,26.3,0.0,0.0
96,P.J. Washington,CHA,22,31,57.7,42.3,1.9,8.0,13.1,12.5,44.2,80.5,19.5,94.6,5.4
97,Raul Neto,WAS,29,30,63.3,36.7,6.1,12.0,13.4,16.9,46.0,42.1,57.9,93.8,6.3
98,Andre Iguodala,MIA,37,37,26.6,73.4,2.2,6.2,9.0,15.3,23.3,80.0,20.0,93.3,6.7
99,Clint Capela,ATL,27,34,100.0,0.0,0.2,8.7,13.6,12.1,86.2,66.8,33.2,0.0,0.0
100,Cory Joseph,DET,29,25,69.0,31.0,9.3,8.9,13.9,15.3,50.7,33.5,66.5,88.9,11.1
101,Dean Wade,CLE,24,19,31.5,68.5,3.2,10.9,8.0,17.3,26.6,69.6,30.4,97.4,2.6
102,Delon Wright,SAC,29,21,66.8,33.2,2.2,11.6,15.6,20.9,52.4,30.1,69.9,78.1,21.9
103,Draymond Green,GSW,31,35,66.8,33.2,3.6,12.8,15.7,16.7,57.7,61.8,38.2,97.1,2.9
104,Elfrid Payton,NYK,27,36,84.2,15.8,5.9,6.7,11.5,13.0,69.5,27.0,73.0,96.4,3.6
105,Grant Williams,BOS,22,30,47.8,52.2,3.4,5.4,10.2,19.4,37.4,68.3,31.7,100.0,0.0
106,Ja Morant,MEM,21,33,74.8,25.2,4.0,15.0,22.5,16.5,55.3,29.4,70.6,60.3,39.7
107,Jaden McDaniels,MIN,20,18,46.0,54.0,4.2,9.8,6.3,18.3,38.9,70.7,29.3,97.2,2.8
108,Jarrett Allen,CLE,23,20,96.1,3.9,2.5,2.2,25.3,9.4,70.0,72.3,27.7,100.0,0.0
109,John Collins,ATL,23,34,73.0,27.0,9.9,6.9,15.3,9.8,52.4,72.3,27.7,98.8,1.2
110,Luke Kennard,LAC,25,44,45.9,54.1,14.6,10.4,5.0,12.3,22.7,66.0,34.0,80.0,20.0
111,Rudy Gay,SAS,34,29,55.7,44.3,16.8,9.1,11.5,15.9,27.4,40.5,59.5,89.6,10.4
112,Shake Milton,PHI,24,46,69.6,30.4,15.2,9.8,17.8,15.2,40.9,36.2,63.8,80.3,19.7
113,Stephen Curry,GSW,33,37,41.3,58.7,6.6,11.4,17.9,14.5,25.3,41.1,58.9,58.8,41.2
114,Trae Young,ATL,22,36,64.3,35.7,7.7,8.4,30.4,11.2,36.4,12.5,87.5,28.7,71.3
115,Denzel Valentine,CHI,27,26,41.8,58.2,8.9,14.0,4.0,14.3,28.1,40.0,60.0,90.0,10.0
116,Devin Vassell,SAS,20,30,50.5,49.5,13.5,13.2,12.7,16.7,28.2,64.8,35.2,94.2,5.8
117,Domantas Sabonis,IND,25,29,82.1,17.9,4.4,9.0,19.0,15.2,64.1,60.6,39.4,96.2,3.8
118,Jonas Valanciunas,MEM,29,32,92.3,7.7,4.5,2.3,14.8,11.6,74.7,58.0,42.0,85.7,14.3
119,Josh Jackson,DET,24,16,63.6,36.4,9.7,13.3,19.2,17.1,43.2,45.7,54.3,92.2,7.8
121,Tobias Harris,PHI,28,44,77.5,22.5,12.6,14.5,15.1,14.1,52.1,35.8,64.2,81.7,18.3
122,Trey Burke,DAL,28,35,53.5,46.5,20.9,13.6,12.4,15.3,24.3,31.2,68.8,89.7,10.3
123,Brad Wanamaker,CHA,31,29,71.6,28.4,8.9,19.9,26.8,12.8,50.0,54.5,45.5,68.8,31.3
124,Brandon Ingram,NOP,23,29,65.9,34.1,23.4,8.3,19.4,10.9,27.6,36.8,63.2,79.0,21.0
125,DeMar DeRozan,SAS,31,27,92.0,8.0,23.7,7.6,29.4,12.7,42.6,24.8,75.2,94.7,5.3
126,Dennis Schroder,LAL,27,38,72.1,27.9,15.5,7.4,21.9,12.1,40.0,31.8,68.2,88.7,11.3
127,Giannis Antetokounmpo,MIL,26,40,79.9,20.1,5.9,16.6,23.2,14.7,59.2,42.8,57.2,29.9,70.1
128,Isaiah Roby,OKC,23,19,74.6,25.4,2.3,9.4,16.3,13.9,63.4,55.4,44.6,90.6,9.4
129,Kevon Looney,GSW,25,34,91.4,8.6,8.0,0.8,12.3,16.3,74.9,63.5,36.5,100.0,0.0
130,Landry Shamet,BKN,24,39,27.0,73.0,4.6,12.2,11.6,14.3,15.5,64.9,35.1,98.4,1.6
131,Markieff Morris,LAL,31,32,44.7,55.3,11.8,8.4,8.9,13.0,31.4,54.5,45.5,100.0,0.0
132,Michael Porter Jr.,DEN,23,40,53.2,46.8,9.8,16.4,9.1,15.8,37.2,71.4,28.6,91.8,8.2
133,Precious Achiuwa,MIA,21,31,99.6,0.4,0.7,9.9,18.4,18.1,80.9,73.4,26.6,0.0,0.0
134,Richaun Holmes,SAC,27,29,98.1,1.9,10.1,5.6,15.5,11.7,73.6,81.6,18.4,100.0,0.0
135,Stanley Johnson,TOR,25,25,41.2,58.8,3.0,10.9,16.4,20.6,30.0,31.8,68.2,95.6,4.4
136,Terence Davis,SAC,24,26,41.4,58.6,2.6,19.1,8.4,18.0,33.8,50.5,49.5,82.7,17.3
137,Tyrese Maxey,PHI,20,41,76.0,24.0,16.4,17.6,12.5,18.2,52.0,38.3,61.7,80.6,19.4
138,Zion Williamson,NOP,20,29,96.7,3.3,0.7,9.8,22.4,13.5,75.0,55.3,44.7,100.0,0.0
139,Bradley Beal,WAS,28,32,73.0,27.0,16.8,7.1,21.7,13.5,40.7,43.0,57.0,72.3,27.7
140,Cameron Johnson,PHX,25,43,30.6,69.4,5.6,16.2,8.7,14.3,24.4,83.7,16.3,98.3,1.7
141,Cameron Payne,PHX,26,42,58.0,42.0,9.9,9.9,9.9,10.7,36.8,28.0,72.0,68.5,31.5
142,Chris Boucher,TOR,28,25,58.0,42.0,2.2,6.1,18.6,14.1,46.2,68.7,31.3,97.8,2.2
143,Collin Sexton,CLE,22,18,76.1,23.9,7.7,12.9,21.4,16.0,50.8,42.2,57.8,68.4,31.6
144,Dorian Finney-Smith,DAL,28,36,35.2,64.8,0.7,10.8,5.3,13.4,33.6,61.4,38.6,96.6,3.4
145,Jae Crowder,PHX,30,42,22.8,77.2,5.6,8.5,9.5,12.8,11.3,80.4,19.6,95.9,4.1
146,Jaxson Hayes,NOP,21,24,95.0,5.0,3.1,15.6,20.7,18.0,72.2,76.3,23.7,100.0,0.0
148,Lonnie Walker IV,SAS,22,28,53.7,46.3,12.0,16.3,8.6,13.5,34.7,54.5,45.5,90.0,10.0
149,Mychal Mulder,GSW,27,33,19.2,80.8,0.0,14.5,4.1,13.6,20.2,91.2,8.8,100.0,0.0
150,Brandon Clarke,MEM,24,32,84.4,15.6,3.3,14.8,12.8,16.9,74.1,81.4,18.6,100.0,0.0
151,Cedi Osman,CLE,26,17,44.7,55.3,3.6,16.3,12.3,20.9,35.6,61.7,38.3,85.9,14.1
152,Josh Okogie,MIN,22,21,57.5,42.5,0.6,14.9,26.3,19.6,45.6,60.3,39.7,100.0,0.0
153,Josh Richardson,DAL,27,35,56.8,43.2,12.3,12.3,13.9,14.3,36.9,44.3,55.7,83.0,17.0
154,Jrue Holiday,MIL,31,41,65.6,34.4,8.6,11.9,10.3,14.1,49.3,33.0,67.0,54.1,45.9
155,Xavier Tillman,MEM,22,31,78.3,21.7,3.6,13.1,8.7,20.3,70.8,82.8,17.2,100.0,0.0
156,Alex Caruso,LAL,27,32,55.1,44.9,4.3,17.3,13.2,16.2,37.8,48.7,51.3,92.7,7.3
157,Ben Simmons,PHI,24,42,98.3,1.7,1.7,22.9,21.2,19.1,76.0,40.7,59.3,100.0,0.0
158,De'Aaron Fox,SAC,23,24,71.2,28.8,9.2,13.5,20.6,15.1,49.1,16.0,84.0,52.4,47.6
159,Derrick Jones Jr.,POR,24,32,55.3,44.7,0.0,14.1,14.9,21.5,52.5,67.3,32.7,97.7,2.3
160,Dwight Powell,DAL,29,36,89.2,10.8,0.0,3.5,28.3,15.2,67.3,84.3,15.7,100.0,0.0
161,Gary Trent Jr.,TOR,22,29,45.4,54.6,13.3,15.9,9.4,15.8,21.6,48.4,51.6,80.6,19.4
162,Harrison Barnes,SAC,29,25,60.1,39.9,1.7,10.1,20.9,15.1,45.2,58.4,41.6,88.0,12.0
163,JaMychal Green,DEN,31,38,47.1,52.9,2.5,3.6,9.8,13.8,37.4,58.5,41.5,100.0,0.0
164,Jaylen Brown,BOS,24,30,63.0,37.0,10.9,15.3,13.4,14.4,41.5,45.3,54.7,79.8,20.2
165,Steven Adams,NOP,27,26,99.0,1.0,0.9,5.9,13.7,6.6,85.4,59.8,40.2,0.0,0.0
166,Timothe Luwawu-Cabarrot,BKN,26,38,32.9,67.1,3.2,14.6,9.5,18.9,26.5,69.1,30.9,98.7,1.3
167,Tomas Satoransky,CHI,29,25,64.1,35.9,8.1,10.3,15.0,17.0,48.8,42.5,57.5,100.0,0.0
168,Tyrese Haliburton,SAC,21,25,52.2,47.8,11.2,14.2,6.4,16.2,34.3,32.2,67.8,78.5,21.5
169,Wesley Matthews,LAL,34,33,21.8,78.2,1.4,12.2,12.5,18.3,15.1,60.9,39.1,97.0,3.0
170,Zach LaVine,CHI,26,26,57.5,42.5,9.7,12.5,15.9,14.0,36.7,35.5,64.5,51.5,48.5
171,D.J. Augustin,HOU,33,28,36.7,63.3,5.0,10.3,19.5,15.1,18.7,21.2,78.8,71.1,28.9
172,Damion Lee,GSW,28,28,29.2,70.8,3.8,10.5,10.8,16.6,23.6,86.3,13.7,96.1,3.9
173,Davis Bertans,WAS,28,29,10.5,89.5,0.9,10.5,15.3,14.8,6.4,75.0,25.0,97.0,3.0
174,DeAndre Jordan,BKN,32,37,99.6,0.4,0.0,6.6,10.8,12.0,89.2,80.0,20.0,0.0,0.0
175,Marcus Morris Sr.,LAC,31,38,49.3,50.7,18.6,5.6,9.5,10.8,17.0,45.6,54.4,93.6,6.4
176,Rui Hachimura,WAS,23,29,78.9,21.1,17.0,17.5,15.7,17.7,50.2,74.0,26.0,100.0,0.0
177,Seth Curry,PHI,30,39,49.3,50.7,20.0,12.9,9.7,13.4,17.2,59.1,40.9,85.7,14.3
179,Garrett Temple,CHI,35,25,47.5,52.5,8.5,19.4,9.5,14.9,34.5,67.0,33.0,95.5,4.5
180,Kendrick Nunn,MIA,25,31,51.4,48.6,9.8,14.0,6.8,18.9,38.5,45.2,54.8,85.2,14.8
181,Malcolm Brogdon,IND,28,27,61.8,38.2,12.1,13.5,12.9,12.6,38.3,24.7,75.3,66.2,33.8
182,Mason Plumlee,DET,31,14,98.2,1.8,3.8,5.5,19.4,12.4,76.8,72.2,27.8,0.0,0.0
183,Pascal Siakam,TOR,27,21,74.4,25.6,8.2,10.8,20.8,14.2,52.7,34.1,65.9,83.6,16.4
184,Paul Millsap,DEN,36,38,64.3,35.7,4.4,8.6,14.1,11.6,52.2,61.3,38.7,98.0,2.0
185,Sekou Doumbouya,DET,20,15,59.2,40.8,0.0,16.8,15.8,17.5,56.8,66.7,33.3,100.0,0.0
186,Semi Ojeleye,BOS,26,28,28.5,71.5,2.3,11.9,9.3,14.2,21.5,61.3,38.7,98.3,1.7
187,Will Barton,DEN,30,37,57.7,42.3,8.2,13.2,13.3,13.2,37.1,48.4,51.6,74.5,25.5
188,Darius Bazley,OKC,21,16,58.6,41.4,4.2,10.9,16.6,15.0,46.2,50.0,50.0,83.1,16.9
189,Devonte' Graham,CHA,26,23,28.7,71.3,8.6,10.4,16.3,15.7,9.3,39.7,60.3,77.1,22.9
190,Furkan Korkmaz,PHI,23,39,36.6,63.4,6.0,14.8,12.0,18.4,21.6,44.9,55.1,94.1,5.9
191,Jeff Teague,MIL,33,27,71.1,28.9,3.8,11.1,24.0,12.9,43.1,16.1,83.9,63.9,36.1
192,Kelly Oubre Jr.,GSW,25,27,60.6,39.4,3.8,15.8,14.5,15.2,49.9,67.5,32.5,94.4,5.6
193,Lonzo Ball,NOP,23,23,35.0,65.0,7.2,16.3,6.3,13.8,22.2,41.5,58.5,83.7,16.3
194,Rodney Hood,TOR,28,29,56.5,43.5,23.6,6.9,9.7,17.9,25.2,30.0,70.0,79.4,20.6
195,Daniel Gafford,WAS,22,31,100.0,0.0,0.5,7.6,18.9,14.2,80.5,71.4,28.6,0.0,0.0
196,Darius Garland,CLE,21,18,66.8,33.2,8.5,11.2,11.9,15.2,46.1,30.7,69.3,70.5,29.5
197,Deni Avdija,WAS,20,25,46.2,53.8,4.1,13.2,8.5,19.9,40.9,72.7,27.3,96.2,3.8
198,Drew Eubanks,SAS,24,21,99.0,1.0,7.1,2.3,24.8,15.1,66.2,77.2,22.8,100.0,0.0
199,Jerami Grant,DET,27,15,64.7,35.3,12.4,7.1,24.1,13.9,34.9,53.7,46.3,93.0,7.0
200,Kira Lewis Jr.,NOP,20,23,64.4,35.6,1.2,20.1,12.5,19.8,51.3,37.8,62.2,80.0,20.0
201,Kyrie Irving,BKN,29,36,65.2,34.8,15.4,10.9,13.9,10.1,39.3,23.4,76.6,57.9,42.1
203,Paul George,LAC,31,38,56.3,43.7,14.1,8.9,15.8,17.4,29.4,27.7,72.3,67.3,32.7
204,Tristan Thompson,BOS,30,27,99.1,0.9,1.5,3.4,17.4,12.2,81.2,54.4,45.6,0.0,0.0
205,Tyler Herro,MIA,21,29,57.5,42.5,15.5,11.2,11.5,15.2,33.6,46.0,54.0,72.9,27.1
206,Wendell Carter Jr.,ORL,22,21,88.8,11.2,9.2,4.3,21.6,13.2,61.7,76.7,23.3,93.3,6.7
207,Aron Baynes,TOR,34,20,66.1,33.9,6.8,2.8,9.0,12.3,59.3,73.8,26.2,100.0,0.0
208,Ben McLemore,LAL,28,20,23.3,76.7,4.4,13.8,9.6,17.5,14.3,81.6,18.4,95.9,4.1
209,Caleb Martin,CHA,25,23,51.2,48.8,10.6,20.5,15.6,16.7,38.6,60.0,40.0,87.1,12.9
210,Donovan Mitchell,UTA,24,39,57.7,42.3,10.8,8.4,19.1,10.8,32.0,15.0,85.0,50.0,50.0
211,Edmond Sumner,IND,25,23,68.8,31.2,1.5,30.8,17.1,22.1,55.1,69.0,31.0,94.3,5.7
212,Juan Toscano-Anderson,GSW,28,28,56.0,44.0,1.3,16.9,7.3,21.9,54.5,81.0,19.0,97.3,2.7
213,Willie Cauley-Stein,DAL,27,29,94.0,6.0,5.0,10.7,17.5,14.3,76.4,82.5,17.5,100.0,0.0
214,Cody Martin,CHA,25,26,69.1,30.9,5.8,18.8,12.1,24.6,58.9,59.7,40.3,87.5,12.5
215,De'Anthony Melton,MEM,23,27,46.3,53.7,4.2,21.4,8.7,14.6,31.8,41.2,58.8,79.3,20.7
216,Fred VanVleet,TOR,27,22,45.3,54.7,8.0,13.8,16.6,18.4,24.1,30.5,69.5,66.1,33.9
217,Hamidou Diallo,DET,22,18,82.6,17.4,7.0,14.1,21.2,16.2,57.9,43.4,56.6,96.4,3.6
218,Jimmy Butler,MIA,31,33,86.1,13.9,11.5,14.6,32.2,17.9,49.6,35.8,64.2,68.0,32.0
219,Juancho Hernangomez,MIN,25,19,43.8,56.2,0.0,8.3,16.0,15.7,40.0,74.7,25.3,98.2,1.8
220,Kawhi Leonard,LAC,30,36,72.0,28.0,15.8,8.8,20.2,17.0,40.6,28.6,71.4,71.3,28.7
221,Luguentz Dort,OKC,22,18,48.5,51.5,2.2,11.5,16.7,15.1,34.6,45.5,54.5,89.4,10.6
222,Marc Gasol,LAL,36,32,37.1,62.9,3.1,0.0,13.7,11.8,26.0,73.7,26.3,98.0,2.0
223,P.J. Tucker,MIL,36,27,32.8,67.2,2.1,8.3,10.9,15.0,24.9,80.8,19.2,100.0,0.0
224,Robert Williams III,BOS,23,29,99.2,0.8,3.8,9.1,10.8,16.3,85.4,73.7,26.3,0.0,0.0
225,Danilo Gallinari,ATL,32,29,46.5,53.5,14.5,3.3,23.8,8.6,16.0,51.5,48.5,93.2,6.8
226,DeAndre' Bembry,TOR,26,23,76.8,23.2,0.7,21.8,15.4,20.1,69.6,58.3,41.7,92.9,7.1
227,James Johnson,NOP,34,21,63.3,36.7,3.3,11.1,12.2,12.0,59.2,55.7,44.3,93.5,6.5
228,Joel Embiid,PHI,27,39,82.9,17.1,19.3,6.6,32.5,13.6,36.3,42.9,57.1,87.9,12.1
229,Jordan McLaughlin,MIN,25,15,62.0,38.0,3.1,25.4,9.0,24.6,49.2,37.3,62.7,90.9,9.1
230,Jordan Poole,GSW,22,28,41.8,58.2,5.2,10.6,17.2,11.6,30.1,61.1,38.9,89.7,10.3
231,LaMelo Ball,CHA,19,23,61.2,38.8,5.7,10.6,15.5,16.1,44.3,28.4,71.6,72.8,27.2
232,Lauri Markkanen,CHI,24,20,43.2,56.8,0.9,6.5,10.9,8.8,36.8,72.5,27.5,99.2,0.8
233,Mike Conley,UTA,33,37,47.7,52.3,5.3,8.2,14.6,12.7,30.0,25.3,74.7,59.4,40.6
234,Mike Scott,PHI,32,35,26.5,73.5,3.8,12.2,3.8,7.5,17.8,73.9,26.1,100.0,0.0
235,R.J. Hampton,ORL,20,20,72.2,27.8,11.9,24.0,15.5,18.1,49.7,35.8,64.2,92.6,7.4
236,Sterling Brown,HOU,26,14,35.8,64.2,1.4,11.8,6.0,17.5,26.9,54.2,45.8,91.2,8.8
237,Aaron Gordon,DEN,25,29,64.7,35.3,7.8,10.2,15.7,13.3,47.9,49.4,50.6,83.1,16.9
238,Dario Saric,PHX,27,37,60.5,39.5,2.7,4.8,19.2,12.8,45.8,73.6,26.4,100.0,0.0
239,Derrick Rose,NYK,32,28,78.9,21.1,18.0,8.7,15.0,12.1,46.6,22.8,77.2,86.0,14.0
240,Gabe Vincent,MIA,25,27,36.1,63.9,2.5,10.3,8.3,21.9,32.2,47.6,52.4,80.4,19.6
241,Goran Dragic,MIA,35,30,56.0,44.0,8.6,11.2,15.1,14.4,35.7,32.2,67.8,80.2,19.8
242,Grayson Allen,MEM,25,26,33.8,66.2,1.9,22.7,14.9,14.1,22.9,60.6,39.4,90.7,9.3
243,Karl-Anthony Towns,MIN,25,19,64.0,36.0,5.5,4.8,21.6,13.9,43.4,55.8,44.2,93.4,6.6
244,Maxi Kleber,DAL,29,31,22.9,77.1,4.5,4.0,9.7,15.9,11.9,79.3,20.7,100.0,0.0
245,Onyeka Okongwu,ATL,20,31,98.0,2.0,0.9,3.5,15.8,19.3,83.3,75.0,25.0,0.0,0.0
246,P.J. Dozier,DEN,24,36,58.0,42.0,7.8,15.3,10.9,16.4,44.7,56.4,43.6,87.2,12.8
247,Torrey Craig,PHX,30,33,53.3,46.7,7.3,9.1,6.2,17.9,43.8,57.1,42.9,97.4,2.6
248,Yuta Watanabe,TOR,26,24,50.0,50.0,3.7,12.8,11.1,13.3,35.8,65.1,34.9,97.2,2.8
249,Alec Burks,NYK,29,27,50.8,49.2,10.9,5.0,16.2,13.5,23.8,42.6,57.4,68.6,31.4
250,Cody Zeller,CHA,28,21,91.4,8.6,1.3,10.9,18.8,18.2,77.2,75.1,24.9,100.0,0.0
251,Jamal Murray,DEN,24,31,60.1,39.9,18.1,12.6,13.1,20.7,30.8,33.3,66.7,58.1,41.9
252,Marcus Smart,BOS,27,24,44.7,55.3,7.7,7.8,20.4,14.4,27.4,29.1,70.9,87.1,12.9
253,Nassir Little,POR,21,27,52.1,47.9,5.5,11.8,16.3,8.6,40.0,56.0,44.0,82.1,17.9
254,Saben Lee,DET,22,14,89.0,11.0,2.2,15.4,22.8,25.5,65.9,35.2,64.8,100.0,0.0
255,Brandon Goodwin,ATL,25,25,53.8,46.2,4.4,17.5,12.3,16.2,41.2,26.9,73.1,68.8,31.3
256,CJ McCollum,POR,29,28,52.5,47.5,17.1,10.6,10.0,12.1,26.3,30.1,69.9,61.5,38.5
257,Caris LeVert,IND,26,24,68.3,31.7,9.7,15.2,15.4,17.2,48.3,37.5,62.5,56.0,44.0
258,Cole Anthony,ORL,21,13,68.8,31.2,13.6,8.9,18.0,11.6,39.7,11.2,88.8,62.1,37.9
259,Frank Kaminsky,PHX,28,33,66.9,33.1,3.9,3.2,11.9,9.4,54.2,76.7,23.3,100.0,0.0
260,Jalen McDaniels,CHA,23,18,63.0,37.0,2.3,9.8,13.1,16.8,54.3,63.3,36.7,100.0,0.0
261,Josh Hart,NOP,26,21,43.9,56.1,4.1,26.0,15.9,10.6,36.4,59.1,40.9,98.4,1.6
262,Malachi Flynn,TOR,23,21,50.6,49.4,9.1,12.5,12.7,16.1,32.3,8.2,91.8,72.2,27.8
263,Monte Morris,DEN,26,30,65.4,34.6,12.5,15.6,12.1,17.3,43.7,40.0,60.0,80.4,19.6
264,Myles Turner,IND,25,22,52.3,47.7,1.7,7.3,18.7,14.9,44.6,75.9,24.1,100.0,0.0
265,Tony Snell,ATL,29,29,36.3,63.7,6.4,9.6,4.4,8.8,14.5,65.4,34.6,98.4,1.6
266,Willy Hernangomez,NOP,27,20,96.3,3.7,1.6,7.4,17.0,9.9,80.5,66.7,33.3,100.0,0.0
267,Aaron Nesmith,BOS,21,22,39.3,60.7,4.6,8.3,10.1,14.7,30.3,44.7,55.3,100.0,0.0
268,Andre Drummond,LAL,27,19,98.6,1.4,0.0,7.4,17.9,16.7,82.1,57.1,42.9,0.0,0.0
269,Blake Griffin,BKN,32,24,50.1,49.9,1.6,3.0,17.2,12.3,39.6,50.0,50.0,75.7,24.3
270,Damyean Dotson,CLE,27,14,45.7,54.3,15.6,15.9,7.8,18.5,31.8,49.3,50.7,89.1,10.9
271,Isaiah Hartenstein,CLE,23,20,96.5,3.5,2.5,5.1,19.5,16.9,75.4,78.3,21.7,100.0,0.0
272,JaVale McGee,DEN,33,21,91.5,8.5,4.7,3.6,13.0,13.6,77.7,59.0,41.0,100.0,0.0
273,Kyle Lowry,TOR,35,15,44.5,55.5,8.1,16.6,17.7,14.8,24.5,34.9,65.1,68.7,31.3
274,Mo Bamba,ORL,23,11,60.8,39.2,7.1,4.9,12.2,9.0,49.6,57.7,42.3,100.0,0.0
275,Nickeil Alexander-Walker,NOP,22,20,52.2,47.8,9.1,10.0,9.4,15.0,36.6,34.5,65.5,92.1,7.9
276,Terrence Ross,ORL,30,16,57.1,42.9,24.8,7.8,16.8,12.4,21.2,48.5,51.5,77.5,22.5
277,Wayne Ellington,DET,33,13,18.6,81.4,5.0,11.8,6.4,11.8,10.0,75.8,24.2,95.7,4.3
278,Aleksej Pokusevski,OKC,19,13,49.3,50.7,12.5,7.4,8.5,11.2,31.6,43.2,56.8,91.4,8.6
279,Chuma Okeke,ORL,22,15,56.5,43.5,19.5,9.2,8.6,10.9,29.8,40.7,59.3,98.0,2.0
280,Goga Bitadze,IND,21,19,59.3,40.7,5.2,10.0,19.5,14.3,49.4,63.5,36.5,100.0,0.0
281,Jake Layman,MIN,27,12,57.6,42.4,2.6,17.3,11.2,22.5,56.3,76.5,23.5,100.0,0.0
282,Kenyon Martin Jr.,HOU,20,10,69.8,30.2,0.0,13.8,14.3,21.5,60.6,70.1,29.9,100.0,0.0
283,LeBron James,LAL,36,30,65.4,34.6,9.8,18.0,15.8,16.0,46.7,32.7,67.3,51.9,48.1
285,Moritz Wagner,ORL,24,19,60.3,39.7,1.3,4.5,22.9,13.9,45.8,86.3,13.7,96.8,3.2
286,Nicolo Melli,DAL,30,26,39.7,60.3,7.5,4.5,14.2,14.9,26.9,47.8,52.2,100.0,0.0
287,Rajon Rondo,LAC,35,28,58.6,41.4,5.0,9.5,6.6,15.7,43.8,13.6,86.4,63.9,36.1
288,Taj Gibson,NYK,36,29,90.5,9.5,7.5,1.7,16.6,10.8,72.2,60.4,39.6,100.0,0.0
290,Bogdan Bogdanovic,ATL,28,30,41.1,58.9,9.7,9.9,5.6,16.1,23.9,39.7,60.3,83.6,16.4
291,Gordon Hayward,CHA,31,24,68.8,31.2,13.4,14.5,18.1,15.3,38.9,60.6,39.4,87.1,12.9
292,Ish Smith,WAS,32,23,83.5,16.5,25.1,10.5,6.4,11.5,50.2,26.1,73.9,94.4,5.6
293,JJ Redick,DAL,37,22,33.3,66.7,20.2,14.4,14.9,19.6,4.3,77.5,22.5,93.9,6.1
294,James Harden,BKN,31,31,54.5,45.5,1.7,9.8,25.7,12.7,39.2,16.7,83.3,24.8,75.2
296,John Konchar,MEM,25,23,59.4,40.6,4.3,20.1,13.6,21.7,47.8,75.0,25.0,100.0,0.0
297,Kemba Walker,OKC,31,22,47.8,52.2,9.4,13.0,16.1,15.7,28.5,26.8,73.2,55.1,44.9
298,Kristaps Porzingis,DAL,25,26,62.2,37.8,12.3,5.9,13.7,8.8,40.5,71.1,28.9,96.9,3.1
299,Marvin Bagley III,SAC,22,20,78.0,22.0,2.6,10.2,12.6,11.8,66.4,62.4,37.6,91.9,8.1
300,Moses Brown,BOS,21,8,100.0,0.0,0.0,3.8,21.1,13.5,78.9,50.7,49.3,0.0,0.0
301,OG Anunoby,TOR,23,18,49.7,50.3,3.5,14.8,11.8,18.6,39.0,51.0,49.0,97.1,2.9
302,D'Angelo Russell,MIN,25,16,52.5,47.5,13.8,11.7,14.3,13.6,26.6,28.6,71.4,59.2,40.8
303,Evan Fournier,BOS,28,18,47.7,52.3,9.2,11.5,15.0,13.4,27.0,48.5,51.5,78.6,21.4
304,Jaylen Nowell,MIN,21,10,55.2,44.8,13.2,9.0,11.9,17.7,35.4,44.6,55.4,80.0,20.0
306,Malik Monk,CHA,23,19,46.9,53.1,4.9,12.2,12.1,19.0,31.0,43.2,56.8,80.0,20.0
307,Tony Bradley,OKC,23,15,98.5,1.5,3.3,7.0,12.7,13.7,84.0,68.7,31.3,0.0,0.0
309,Chasson Randle,ORL,28,10,45.1,54.9,5.3,13.9,14.3,13.9,30.8,27.1,72.9,68.2,31.8
310,Christian Wood,HOU,25,12,67.8,32.2,4.9,7.7,14.5,13.6,53.7,68.7,31.3,87.0,13.0
311,DeMarcus Cousins,LAC,30,22,55.7,44.3,1.6,3.3,16.1,15.8,43.7,47.0,53.0,97.9,2.1
313,James Ennis III,ORL,30,12,57.2,42.8,4.6,9.6,20.3,15.4,35.9,58.6,41.4,93.3,6.7
315,Serge Ibaka,LAC,31,24,68.5,31.5,13.7,3.5,9.4,12.1,51.1,67.3,32.7,100.0,0.0
316,Taurean Prince,CLE,27,15,52.6,47.4,9.3,17.5,16.7,16.5,26.2,53.6,46.4,85.5,14.5
318,Wes Iwundu,NOP,26,17,59.8,40.2,2.0,34.3,26.2,13.1,56.6,82.8,17.2,100.0,0.0
319,Eric Paschall,GSW,24,20,81.9,18.1,19.9,8.1,17.6,16.5,48.3,56.2,43.8,94.4,5.6
320,Frank Jackson,DET,23,13,48.8,51.2,5.6,12.8,15.7,14.1,31.8,54.8,45.2,98.4,1.6
322,John Wall,HOU,30,12,65.7,34.3,11.2,14.7,19.2,18.1,40.8,8.4,91.6,70.9,29.1
323,Lamar Stevens,CLE,23,13,81.6,18.4,15.8,11.5,22.4,24.2,54.5,65.5,34.5,100.0,0.0
326,Damian Jones,SAC,26,24,95.1,4.9,2.2,12.0,23.0,12.0,73.2,88.4,11.6,100.0,0.0
327,Gary Clark,PHI,26,12,18.2,81.8,0.0,5.0,6.7,16.8,15.1,66.7,33.3,100.0,0.0
328,Gary Harris,ORL,26,15,59.1,40.9,8.2,13.7,16.5,16.5,38.1,63.3,36.7,85.4,14.6
329,James Wiseman,GSW,20,18,89.7,10.3,12.1,11.8,12.1,16.3,67.9,82.7,17.3,83.3,16.7
331,Max Strus,MIA,25,14,20.9,79.1,0.0,13.6,6.7,16.1,29.7,68.6,31.4,98.0,2.0
333,Tyler Johnson,BKN,29,29,27.9,72.1,6.7,18.6,8.5,8.6,16.2,62.5,37.5,95.8,4.2
334,Gorgui Dieng,SAS,31,14,57.1,42.9,6.2,8.5,22.5,14.3,36.4,60.0,40.0,96.7,3.3
336,Patrick Patterson,LAC,32,26,32.1,67.9,8.1,8.1,6.6,13.2,24.4,65.6,34.4,97.5,2.5
337,Jusuf Nurkic,POR,26,22,91.0,9.0,1.4,5.0,16.5,12.0,73.6,71.1,28.9,91.7,8.3
338,KZ Okpala,MIA,22,22,47.9,52.1,2.2,9.8,8.7,19.6,50.0,66.7,33.3,100.0,0.0
339,Malik Beasley,MIN,24,8,46.5,53.5,7.2,15.3,9.4,19.2,30.4,63.2,36.8,87.5,12.5
341,Maurice Harkless,SAC,28,16,49.1,50.9,6.2,9.8,17.0,19.1,41.2,71.7,28.3,91.3,8.7
342,Nemanja Bjelica,MIA,33,16,56.6,43.4,1.7,13.2,15.3,11.2,49.6,64.5,35.5,88.9,11.1
343,Patrick Beverley,LAC,32,25,35.9,64.1,1.4,11.5,13.0,11.2,25.2,37.8,62.2,92.9,7.1
345,Anthony Davis,LAL,28,23,83.7,16.3,16.3,8.4,20.1,12.7,53.7,57.5,42.5,96.2,3.8
346,Austin Rivers,DEN,28,20,39.2,60.8,3.5,9.8,7.7,22.1,30.9,28.6,71.4,76.4,23.6
347,Chimezie Metu,SAC,24,14,79.3,20.7,12.4,11.5,13.7,10.6,56.6,73.1,26.9,92.3,7.7
348,Danuel House Jr.,HOU,28,8,42.6,57.4,4.4,11.4,13.0,27.0,31.1,64.3,35.7,81.5,18.5
349,Derrick White,SAS,26,18,46.4,53.6,4.3,9.8,17.5,14.8,32.5,48.0,52.0,86.9,13.1
350,Hassan Whiteside,SAC,32,16,99.6,0.4,8.2,2.7,14.0,12.3,77.8,72.2,27.8,0.0,0.0
351,Jeremy Lamb,IND,29,16,53.6,46.4,8.3,10.5,19.5,13.2,29.2,52.9,47.1,82.7,17.3
353,D.J. Wilson,HOU,25,13,48.2,51.8,8.7,6.0,9.3,11.5,32.8,76.3,23.7,93.3,6.7
355,Kevin Durant,BKN,32,23,68.7,31.3,19.3,10.8,22.3,11.9,31.4,47.7,52.3,64.7,35.3
356,Larry Nance Jr.,CLE,28,13,58.1,41.9,5.5,7.0,9.2,17.4,47.7,74.7,25.3,95.1,4.9
357,Mike Muscala,OKC,29,15,31.1,68.9,7.7,6.5,9.7,13.9,22.4,76.5,23.5,97.1,2.9
358,Shai Gilgeous-Alexander,OKC,22,16,69.9,30.1,4.3,5.4,22.3,10.1,47.7,7.4,92.6,29.6,70.4
359,Jarrett Culver,MIN,22,7,68.5,31.5,1.1,12.2,16.1,18.3,61.1,58.9,41.1,100.0,0.0
360,Justin Jackson,MIL,26,12,47.1,52.9,6.5,7.8,12.6,15.5,36.7,71.7,28.3,80.6,19.4
362,Troy Brown Jr.,CHI,21,10,51.4,48.6,8.7,16.1,9.3,18.6,41.0,60.0,40.0,100.0,0.0
369,Ty Jerome,OKC,23,7,41.5,58.5,2.8,2.5,7.4,10.2,29.5,22.8,77.2,81.7,18.3
370,Victor Oladipo,MIA,29,13,58.5,41.5,6.7,13.2,15.9,16.9,41.4,35.7,64.3,65.4,34.6
372,Brodric Thomas,CLE,24,6,45.4,54.6,6.4,15.2,24.8,26.4,30.4,47.8,52.2,81.3,18.8
374,Naji Marshall,NOP,23,14,60.3,39.7,2.4,15.0,21.5,16.3,40.7,54.7,45.3,96.6,3.4
375,Nic Claxton,BKN,22,23,96.6,3.4,0.0,16.5,14.6,18.9,84.0,75.3,24.7,100.0,0.0
376,Tyler Cook,DET,23,11,98.1,1.9,0.0,9.0,10.9,12.8,87.2,69.1,30.9,100.0,0.0
378,DaQuan Jeffries,SAS,23,6,44.2,55.8,6.3,12.6,5.6,5.5,40.9,60.0,40.0,95.0,5.0
379,Dylan Windler,CLE,24,11,40.8,59.2,2.5,9.3,13.1,18.6,36.0,54.8,45.2,96.2,3.8
382,Michael Carter-Williams,ORL,29,12,77.4,22.6,3.6,12.0,17.9,16.4,62.0,34.4,65.6,86.7,13.3
383,Mitchell Robinson,NYK,23,15,100.0,0.0,0.0,2.3,10.2,7.8,89.8,62.6,37.4,0.0,0.0
386,David Nwaba,HOU,28,8,71.1,28.9,0.0,21.7,17.0,25.7,64.5,56.2,43.8,100.0,0.0
387,George Hill,PHI,35,16,59.4,40.6,8.4,5.7,15.4,11.9,40.6,45.3,54.7,80.6,19.4
390,Nico Mannion,GSW,20,17,47.4,52.6,3.3,15.4,18.7,15.4,24.4,35.3,64.7,72.7,27.3
393,Trevor Ariza,MIA,36,17,40.7,59.3,0.7,17.7,12.0,18.1,34.0,77.6,22.4,94.0,6.0
396,Al Horford,BOS,35,11,57.8,42.2,12.1,2.5,4.5,12.8,41.2,56.6,43.4,92.9,7.1
398,Otto Porter Jr.,ORL,28,12,54.2,45.8,13.3,10.3,13.3,11.8,30.3,61.0,39.0,97.4,2.6
399,Avery Bradley,HOU,30,6,40.9,59.1,5.8,10.4,7.0,12.7,30.1,71.0,29.0,93.9,6.1
400,E'Twaun Moore,PHX,32,20,71.1,28.9,10.5,3.0,9.0,15.8,55.6,43.2,56.8,90.9,9.1
401,Eric Gordon,HOU,32,10,42.8,57.2,0.0,6.4,19.6,13.9,37.4,31.1,68.9,75.4,24.6
402,Jahlil Okafor,DET,25,5,91.2,8.8,5.5,3.4,11.8,10.3,78.6,47.5,52.5,100.0,0.0
406,Cam Reddish,ATL,21,10,52.1,47.9,4.1,8.6,22.9,17.8,39.0,60.3,39.7,93.9,6.1
407,Justise Winslow,MEM,25,13,74.3,25.7,10.1,26.4,11.2,19.1,61.8,51.6,48.4,100.0,0.0
408,Kevin Porter Jr.,HOU,21,4,56.1,43.9,8.4,10.4,16.0,16.5,40.8,17.9,82.1,40.0,60.0
409,Killian Hayes,DET,19,6,64.2,35.8,9.1,5.1,7.9,14.2,48.9,23.5,76.5,85.0,15.0
410,LaMarcus Aldridge,BKN,35,15,73.0,27.0,37.5,2.6,11.7,9.9,24.4,68.8,31.2,96.8,3.2
414,Chandler Hutchison,WAS,25,11,78.6,21.4,3.7,9.3,19.7,7.5,54.2,87.1,12.9,100.0,0.0
415,Kevin Love,CLE,32,7,38.1,61.9,7.9,3.6,13.7,11.5,22.3,60.9,39.1,89.5,10.5
416,Abdel Nader,PHX,27,16,62.9,37.1,0.0,11.9,17.4,13.1,48.8,71.8,28.2,100.0,0.0
417,Anthony Lamb,HOU,23,3,39.8,60.2,0.0,5.3,13.5,5.3,34.6,52.2,47.8,100.0,0.0
419,Al-Farouq Aminu,CHI,30,5,62.6,37.4,11.8,10.8,17.7,9.8,47.1,46.7,53.3,87.5,12.5
420,De'Andre Hunter,ATL,23,12,61.7,38.3,14.5,7.3,21.3,13.1,37.2,62.9,37.1,90.3,9.7
421,Dennis Smith Jr.,DET,23,7,60.0,40.0,11.7,7.8,12.4,12.3,39.0,23.1,76.9,52.6,47.4
422,Ed Davis,MIN,32,5,100.0,0.0,0.0,0.0,20.8,14.6,79.2,36.8,63.2,0.0,0.0
423,Glenn Robinson III,SAC,27,9,55.6,44.4,1.7,5.0,17.3,5.8,41.3,61.5,38.5,100.0,0.0
425,Trey Lyles,SAS,25,10,55.6,44.4,3.5,10.4,13.1,22.6,47.0,69.0,31.0,100.0,0.0
428,Josh Hall,OKC,20,2,62.6,37.4,4.7,11.6,25.5,19.8,55.8,46.2,53.8,100.0,0.0
430,Oshae Brissett,IND,23,10,48.3,51.7,0.0,19.2,21.9,17.5,34.9,72.5,27.5,97.0,3.0
434,Armoni Brooks,HOU,23,3,18.2,81.8,0.9,7.6,3.2,15.7,15.2,72.2,27.8,85.0,15.0
437,Freddie Gillespie,TOR,24,7,100.0,0.0,3.6,3.6,20.7,12.6,75.7,68.2,31.8,0.0,0.0
439,Jaylen Hoard,OKC,22,1,87.5,12.5,1.7,9.5,24.1,15.5,74.1,63.6,36.4,0.0,0.0
448,Romeo Langford,BOS,21,9,69.5,30.5,0.0,19.6,16.1,7.1,57.1,37.5,62.5,100.0,0.0
452,Jerome Robinson,WAS,24,5,55.8,44.2,21.7,6.0,19.2,26.5,19.3,52.9,47.1,100.0,0.0
455,Dewayne Dedmon,MIA,31,11,92.3,7.7,1.8,1.8,17.7,11.5,77.9,68.9,31.1,100.0,0.0
456,Rodney McGruder,DET,29,3,65.7,34.3,8.8,18.7,6.6,15.4,48.4,46.2,53.8,100.0,0.0
463,Jordan Bone,ORL,23,2,40.7,59.3,25.0,8.9,0.0,10.7,21.4,15.4,84.6,50.0,50.0
466,Donta Hall,ORL,23,3,100.0,0.0,0.0,12.3,31.5,13.7,68.5,72.0,28.0,0.0,0.0
467,Ignas Brazdeikis,ORL,22,3,66.3,33.7,6.6,2.2,11.0,19.8,46.2,54.2,45.8,90.9,9.1
468,Jabari Parker,BOS,26,4,80.0,20.0,16.7,8.3,13.9,8.3,61.1,64.3,35.7,100.0,0.0
470,Jalen Harris,TOR,22,3,50.0,50.0,8.3,6.3,7.3,16.7,31.3,26.3,73.7,88.2,11.8
471,Justin Patton,HOU,24,1,51.4,48.6,5.7,2.9,4.3,14.3,51.4,70.0,30.0,100.0,0.0
472,Matthew Dellavedova,CLE,30,4,55.4,44.6,0.0,0.0,11.1,11.1,55.6,40.0,60.0,75.0,25.0
473,Mike James,BKN,30,9,66.3,33.7,16.0,12.0,21.0,10.0,30.0,17.4,82.6,45.5,54.5
480,Jaren Jackson Jr.,MEM,21,4,52.0,48.0,1.3,12.0,22.1,8.9,44.3,66.7,33.3,100.0,0.0
484,Gabriel Deck,OKC,26,1,77.6,22.4,14.3,9.5,21.5,9.5,57.1,40.0,60.0,100.0,0.0
487,Thomas Bryant,WAS,23,2,76.9,23.1,2.8,10.5,11.2,21.7,67.1,72.0,28.0,100.0,0.0
489,Yogi Ferrell,LAC,28,4,50.9,49.1,7.1,7.1,12.5,12.5,32.1,18.2,81.8,66.7,33.3
490,Charlie Brown Jr.,OKC,24,1,51.2,48.8,15.0,15.0,22.5,17.5,25.0,75.0,25.0,100.0,0.0
