PC1,PC2,PC3,PC4,PC5,completeCluster,wardCluster,singleCluster,averageCluster,PLAYER,TEAM
2.651246827147298,-2.1683010862695586,-0.12437013354660655,-0.667552354606221,-1.2527214010484928,2,7,1,4,Stephen Curry,GSW
2.32165408388106,-0.9137044438825284,0.8872167341219451,0.02995965937897329,-1.124426195549633,2,7,1,4,Bradley Beal,WAS
2.4145665407846293,-1.8723619880629256,0.0621045361354153,-0.39255997527636194,-0.384987144676358,2,7,1,4,Damian Lillard,POR
2.863134722868931,1.1982433367669303,0.29403062304787425,-2.293631810557511,-1.1693939263758508,3,8,1,4,Joel Embiid,PHI
3.1908717724346896,1.555063136873436,0.30003099365512714,-1.2393182597936667,1.3968995774743058,5,3,1,2,Giannis Antetokounmpo,MIL
2.9849783527900215,-0.3142414921398483,0.8683297600881779,0.061732437630220634,2.5850531048850542,5,3,1,2,Luka Doncic,DAL
1.9445264084632037,-1.1690645013441767,0.7216450413621179,0.5203940911926592,-1.3522603784726637,2,7,1,4,Zach LaVine,CHI
1.9519476852527653,1.25255051352619,0.8957525439679748,0.44425949762746114,-0.6923324889567493,3,8,1,4,Zion Williamson,NOP
2.218749820438472,-0.3520848817386143,0.5768310391120182,-2.74209015664163,-1.2356605556360176,3,8,1,4,Kevin Durant,BKN
2.004127159060545,-0.9886058853834727,-0.18922877042809427,-0.9806483496069729,-1.091006805058948,2,7,1,4,Kyrie Irving,BKN
2.1912357791427315,-0.7278653093444223,0.20831539887837552,0.3480611671837014,-0.6851841493317824,2,7,1,4,Jayson Tatum,BOS
1.915400260476956,-1.4372013033306992,0.25679949481819536,-0.9915700846584581,-1.2751759254384776,2,7,1,4,Donovan Mitchell,UTA
3.28327820428979,1.436816913926537,-0.4762884849110199,-0.7530712027553567,4.604012046148302,5,3,1,2,Nikola Jokic,DEN
1.7656239842165626,-0.8956337530302333,-0.33495927827009475,-0.43556192472686034,-0.809373241012827,2,7,1,4,Devin Booker,PHX
2.3678616110125446,-1.0458098602164692,0.9040823143157625,-0.2272950896255228,1.0272540609565628,5,3,1,2,Trae Young,ATL
1.9625992057870285,-0.5949900611726429,1.6181732765234824,1.2545601064405072,-0.11162402322238503,1,2,1,3,De'Aaron Fox,SAC
2.318442208032873,-0.3086571994481099,0.36471786559401687,-2.2762644624656008,1.4941734486922746,5,3,1,2,LeBron James,LAL
1.9340827227338424,-0.5765558338879598,-0.4616097936832426,-1.8915759684290947,-0.3183980679748833,2,7,1,4,Kawhi Leonard,LAC
2.510889282795028,0.9154863809990147,1.0192660548478738,0.22903529402713227,-1.4016248135767324,3,8,1,4,Karl-Anthony Towns,MIN
1.792248204717494,-0.4705655758056449,0.32301982856257677,0.5167535574227541,-1.4027442508888373,2,7,1,4,Jaylen Brown,BOS
2.9856927498211085,-0.338192102607779,1.3154850528861626,-1.9050844628405856,3.367175503860164,5,3,1,2,James Harden,BKN
1.4247964460429106,-0.722925664550034,1.716468430651851,2.038469539838675,-0.6329680460061425,1,2,1,3,Collin Sexton,CLE
2.750010872840634,0.3531631967803901,-0.031050958584711186,0.34548251194009577,1.6439366548981773,5,3,1,2,Julius Randle,NYK
1.5519904242145413,-0.8411500224636919,0.5050026454959662,0.5451124422728109,-0.9218465294909325,2,7,1,4,Brandon Ingram,NOP
1.4820005471855882,-0.6056916064988748,2.3568617184242022,-0.14920357734137707,-0.87932707313451,1,2,1,3,Shai Gilgeous-Alexander,OKC
2.1169140905114983,0.7350413824918202,-0.04839181927225527,1.449013549654615,0.2942027401386,1,2,1,3,Nikola Vucevic,CHI
1.943045813022739,-0.9748553167399595,-0.5900894120031369,-1.5688313247628705,-0.6657498293829756,2,7,1,4,Paul George,LAC
1.2395649760819119,-1.4746774768311994,-0.07761748348559253,-0.9373408552423964,-1.3862613272284603,2,7,1,4,CJ McCollum,POR
1.3335768417491092,-0.5283583611996665,1.1814093442584788,0.8577590784724115,-1.561295143622252,1,2,1,3,Jerami Grant,DET
3.741959302263645,1.4360945955283688,1.6711504335335292,-0.015932360182850956,11.22389175955366,6,4,1,5,Russell Westbrook,WAS
1.5830258383029818,0.9261175836606412,0.9495189461934161,-1.7212304958869686,-1.113512721415716,3,8,1,4,Anthony Davis,LAL
1.447290124591836,-0.10404557088261866,0.7624329970502074,0.10357902336491512,0.9518216245285929,1,2,1,3,DeMar DeRozan,SAS
2.041876884203428,0.2770883315232739,0.5173520828010836,-1.5553787484402404,2.1356289390629204,5,3,1,2,Jimmy Butler,MIA
1.7587142851890152,0.31375398041285935,0.5363303124135683,0.37683065361290163,-0.4580929948546464,1,2,1,3,Pascal Siakam,TOR
1.2953108889683436,-1.1918270436778415,-0.07758759634086748,-0.9098836846409317,-0.832966885316237,2,7,1,4,Jamal Murray,DEN
1.3231989462535423,-0.9535626482793224,0.3057452177402357,0.24294133418303263,-0.43059832758478817,2,7,1,4,Malcolm Brogdon,IND
1.4365773615861404,1.014825637378155,1.3323743244699366,0.23695998216479824,-1.576267766480538,3,8,1,4,Christian Wood,HOU
1.3057610812190361,-1.0046382287722602,2.1219737605652833,-0.0038864644591701447,0.5230390537307135,1,2,1,3,John Wall,HOU
1.2178993919164727,-1.2261387085947502,-0.22174620396108297,1.2290880966986948,-0.5880693043474696,1,2,1,3,Terry Rozier,CHA
1.5375814787310855,-0.7697654179364304,-0.9895062197302605,-0.4322626047126526,0.10503065991187141,2,7,1,4,Khris Middleton,MIL
2.562658607708011,1.8123003269796372,0.7528368700478187,0.6199974816433653,2.974609481253725,5,3,1,2,Domantas Sabonis,IND
1.2455047792234093,-0.6240872308734867,0.8480118863151188,-0.1344077163979269,-0.3565091965046171,2,7,1,4,Caris LeVert,IND
1.2661312554029196,0.5525019856100842,0.2964836025781094,-0.6942615705744251,-2.2358985315813666,3,8,1,4,Kristaps Porzingis,DAL
1.2051368715887265,-0.9315719074973059,1.7199766710912672,-0.392716932510445,-0.7040601994305572,1,2,1,3,Victor Oladipo,MIA
1.1532627063264467,-0.6677269714756775,0.5084829132029371,-0.903338898494845,-0.33117154152687245,2,7,1,4,Gordon Hayward,CHA
1.5101962436841043,-1.4262551803055803,0.35253224766215885,0.1745068671554962,-0.6995453538468206,2,7,1,4,Fred VanVleet,TOR
0.651851724962418,-1.315395721312891,1.563606044491088,0.7431949625659838,-1.5549510002291103,1,2,1,3,Malik Beasley,MIN
1.2464169446548383,0.0207774502155695,-1.1040083227717898,-1.0808705847226816,-0.5379320654778035,2,7,1,4,Tobias Harris,PHI
1.043855786463254,-0.7560723967641196,0.6228220623177821,2.694909962819742,-0.7538881263547345,1,2,1,3,Anthony Edwards,MIN
1.0182134265534417,-1.5333834089201657,0.4438785523264478,-0.9780355046722556,-0.4985000402514222,2,7,1,4,Kemba Walker,OKC
1.348225512902032,-0.4304427283277736,0.7085982550318475,0.5032501698245582,1.2803849375678586,1,2,1,3,Ja Morant,MEM
1.072993075529878,0.09694872964173068,-1.2586141995849127,-0.4469517010127353,-1.7571837366037233,3,8,1,4,Michael Porter Jr.,DEN
0.8785965424230637,-1.3209440839634883,1.6423273148487922,0.4581710923450988,-0.14748885906214243,1,2,1,3,D'Angelo Russell,MIN
1.7756501564734166,1.6901654264245616,0.2074919849115988,0.26251698229784565,1.0696493943442733,5,3,1,2,Bam Adebayo,MIA
0.8573499306944378,-1.0478438298801418,-0.6039165024408988,0.8945558559660296,-0.796787622084622,1,2,1,3,Norman Powell,POR
0.9717678474108208,-0.14368230103394727,-0.5786922874559383,0.9663791442854816,-1.1236673199281535,1,2,1,3,Andrew Wiggins,GSW
0.7808874550633725,-1.4587532925390347,-1.3971804367260108,-0.5764628901811731,-0.7122029041940193,2,5,1,4,Jordan Clarkson,UTA
0.41615070321744657,-1.2586130204561652,1.5859058796576153,-1.1305230368661552,-1.1015580911780831,3,8,1,4,Eric Gordon,HOU
1.1822256518156453,-0.5356936654661327,-1.0826674805833707,-1.166319735540584,0.3737978118133691,2,7,1,4,Jrue Holiday,MIL
0.9805718016126393,0.8975657881168829,-0.8011299598946685,0.2643201451094193,-1.5307874790380198,3,8,1,4,John Collins,ATL
1.021806673056107,-0.2529142947906259,-0.5434504421647668,1.0458761767938103,-0.6147967248901949,1,2,1,3,RJ Barrett,NYK
0.8046538406088507,-1.1491996063727419,1.2420154158173362,1.5862689165680774,0.44250805720367786,1,2,1,3,Darius Garland,CLE
1.382123068045225,-0.8859157677611715,0.619033793386101,-0.22784808062001943,0.49622028220239833,2,7,1,4,Kyle Lowry,TOR
0.7930342554732418,-0.7105024522332936,-0.5660669688284368,0.9065558579789875,-0.92520179180676,1,2,1,3,Dillon Brooks,MEM
0.6398817693273423,-1.103129696294758,0.724618953681633,-0.13837698072403842,-0.9200019464181328,2,7,1,4,Evan Fournier,BOS
1.5239929843679214,2.6264401192303164,-0.9226993778230418,-0.23564496923125655,-0.21849837934318747,1,1,1,3,Jonas Valanciunas,MEM
0.7217196853423187,-1.184817816884522,-1.7557133609618858,-0.8944991487446425,-0.4292049359120326,2,5,1,4,Bojan Bogdanovic,UTA
0.3641018871917366,-1.2579743787204878,-1.145351530200293,0.26800562602011224,-0.8896255411702565,2,5,1,4,Tim Hardaway Jr.,DAL
0.7379251863968952,-0.6557768215107952,3.094626320300122,0.6591229406488677,-0.16518007097067264,1,2,1,3,Kevin Porter Jr.,HOU
0.918301973881032,-1.4344099243327124,-0.6597645880835254,1.5439616956917772,-1.0364788156661204,1,2,1,3,Buddy Hield,SAC
1.413540734526098,-0.6177414635900366,-1.5667672181976666,-1.1168992180270503,1.9523781029423966,5,3,1,2,Chris Paul,PHX
0.5361932223622577,-1.3400104956685568,-0.4298571895020052,-0.970397749473821,-1.1328778227229366,2,7,1,4,Bogdan Bogdanovic,ATL
0.9817781796058738,-1.2937637959179467,-1.219080599058772,-2.0676834772197834,0.2807413859564322,2,7,1,4,Mike Conley,UTA
0.8312243310002814,-0.26033616207130433,0.048909389701476055,0.2662704426299504,-0.08535878830580725,2,7,1,4,Harrison Barnes,SAC
0.8411448663544858,-0.2662849985378959,0.32340261004778986,0.06412799755046508,-1.353226270941112,2,7,1,4,OG Anunoby,TOR
1.1367062594254327,-0.2132807588854897,1.0862877093110488,0.9749896943547345,0.3746302650706891,1,2,1,3,LaMelo Ball,CHA
1.101932149550906,0.0747162257195808,-0.26179265992733175,0.8867693597022474,1.788679451137327,2,5,1,4,Dejounte Murray,SAS
0.383819424538919,-0.9061945546932874,0.9673335918476371,0.45755481896965744,-0.5472639958946464,3,6,1,4,Terrence Ross,ORL
0.6081924519144354,0.2213387015516319,0.42182556819053535,0.8101124911351988,-1.0301946756222375,1,2,1,3,Kelly Oubre Jr.,GSW
0.9343137811491149,-0.6293571393287007,-0.11334179182944998,-0.07069879389057449,0.6697247932450703,2,7,1,4,Dennis Schroder,LAL
0.4926520551328951,-0.8258874159734485,0.6387609199317694,-0.8691920394030337,-1.406883095011978,2,7,1,4,Derrick White,SAS
0.19268260235188775,-1.2692124839542245,-0.05888863976526716,0.9851552111427491,-0.9878076358533083,1,2,1,3,Gary Trent Jr.,TOR
1.4908880652011727,4.089708920049381,-0.83910949290633,-0.3387532727549668,-0.5493280833829658,4,8,1,1,Clint Capela,ATL
0.4554871536241463,-0.6532194789568408,0.40108951840372514,0.49847609920984964,-0.2757414657408878,3,6,1,4,Tyler Herro,MIA
0.7115518075916802,-0.9811128260686535,-0.01838742661546919,1.781061531524703,-0.2128335812219873,1,2,1,3,Coby White,CHI
0.4047994371769078,-0.1370080790196317,1.1087746672888368,-1.5470031672687856,-1.3034564887963882,3,8,1,4,De'Andre Hunter,ATL
1.353180921809561,2.9034190986714075,1.1517047365664717,0.20435540298378033,-0.061643565161759395,1,1,1,3,Andre Drummond,LAL
0.5504527277823098,-1.6945238941958045,0.13104231688947918,0.3926306845923408,-0.041628787502581345,2,7,1,4,Devonte' Graham,CHA
0.24671047381993438,-0.7848083158663219,-0.29907841268056146,-1.0629359332350243,0.5303305468818186,2,5,1,4,Derrick Rose,NYK
0.8811113767485522,-1.0289715479481263,0.2054123824332894,0.8591430691197516,0.019883682916836516,1,2,1,3,Lonzo Ball,NOP
0.2526044722040155,-1.0047450655328978,-0.4119859003684914,0.21477605876072017,-0.6305831391256321,1,2,1,3,Kendrick Nunn,MIA
1.0803501687801769,2.5697450281005847,-1.4694889788784702,-0.26295853412578024,-0.6571267564861643,1,1,1,3,Deandre Ayton,PHX
0.45439946873587933,0.5276606051665119,2.6041752643993474,-0.7719586554094605,-2.5584602854942657,3,8,1,4,Jaren Jackson Jr.,MEM
0.08967395609259451,1.071478498809569,1.7277903170710651,-1.4572081089189892,-2.049124911117241,3,8,1,4,Thomas Bryant,WAS
1.7351484881272772,4.063049154959036,-2.1132118093285865,-1.7568824115506319,-0.8567216170153071,4,8,1,1,Rudy Gobert,UTA
1.4288933176065897,1.1905851678107595,-0.26258970492804584,-0.8210167747863265,1.8936049075289831,5,3,1,2,Ben Simmons,PHI
0.8064001966483316,2.305493860754602,-0.5996267543171697,0.3095627651909228,-1.1343955386955078,1,1,1,3,Richaun Holmes,SAC
0.33858282605952,-0.21134618652710818,0.8420545422078718,-1.1862699025643448,-0.8632437989249697,3,8,1,4,Al Horford,BOS
0.329932162953903,1.1621269363047222,0.8292472171400758,0.25703980379160524,-0.8916700889029195,1,1,1,3,Marvin Bagley III,SAC
0.2723045868428007,-1.0183952592211856,-1.9704681186199304,-0.2053999487366843,-0.8575793708487717,2,5,1,4,Joe Harris,BKN
0.30562433886975027,-0.6488551342606016,1.0287465084154026,1.5811586090737766,-0.9638862120929385,1,2,1,3,Luguentz Dort,OKC
0.28414513712078315,0.11262255560494129,0.1320245670049053,0.7049588084469971,-0.29065289924588295,1,2,1,3,Rui Hachimura,WAS
0.45575334870736034,0.12042088780895231,1.5519624655759818,2.00634850944861,-0.16782679546414617,1,2,1,3,Darius Bazley,OKC
0.5923463803093276,1.0719337022306477,-0.7041800628862718,0.31169335666867165,-1.7570155481206924,3,8,1,4,Chris Boucher,TOR
0.06891972978447161,-0.49728746721688855,0.0834541054091452,0.4890670915572442,-0.9579766304766216,1,2,1,3,Lauri Markkanen,CHI
-0.13237149650356475,-0.45855256675354983,-0.9365658153085192,0.6137456209373904,-0.5107720893016531,1,2,1,3,Doug McDermott,IND
-0.008646831695815897,-0.11245189287456167,0.5873447099095754,-1.9677239518121852,-1.058472428653975,3,8,1,4,LaMarcus Aldridge,BKN
0.848406015251501,0.2226758880637321,-0.5799024470184985,1.4258291707725261,-0.22082586070877508,1,2,1,3,Kelly Olynyk,HOU
0.25033121210473924,1.7533782083102718,-0.8179802093957519,0.08523784141355366,-0.1378007888351987,1,1,1,3,Montrezl Harrell,LAL
0.43208350401746654,-0.26169048852440524,-1.946465281043573,-0.19541332260221242,-0.8579158716785742,2,5,1,4,Mikal Bridges,PHX
0.38457852859752484,-0.8620584436873597,-0.22067998911989467,-0.9063919159954326,0.31044186722264705,2,5,1,4,Goran Dragic,MIA
0.11423223909006885,-0.7795386930044366,-1.1951796773348264,-0.7098829928626806,-0.8572206351036781,2,5,1,4,Marcus Morris Sr.,LAC
0.1397518887195111,-0.8280977834678036,-1.3818315833114316,-0.07254202169523273,-0.3643422918176925,2,5,1,4,Carmelo Anthony,POR
0.43818084670968394,0.0674990524286635,0.6128718685316397,1.948276037459957,-0.4477099785815528,1,2,1,3,Josh Jackson,DET
0.1748885761348833,-0.8273898551784995,-0.5156868435778678,-0.8949522608990569,-0.4875273531336316,2,5,1,4,Danilo Gallinari,ATL
0.28884829510543053,-1.256510255921195,-1.4304478140026622,0.895888135475253,-1.0505332901955993,2,5,1,4,Duncan Robinson,MIA
0.7529989737454442,-0.7371798657401338,0.3715872338788939,-0.10534439619133053,0.12176256285858175,2,7,1,4,Marcus Smart,BOS
0.31053479605535994,-0.8780068950508189,0.2269263120059989,1.2671714815638586,0.20707045723860626,1,2,1,3,Tyrese Haliburton,SAC
0.08953013072031055,-0.5837050778845603,-0.7714440862800603,-0.3393905664682939,0.032987154118410814,2,5,1,4,Shake Milton,PHI
0.7691161320584665,0.3952781897866289,-0.3518716663160775,1.1187141018171953,-0.8221220925822855,1,2,1,3,P.J. Washington,CHA
0.25676491477208124,-0.326690036796021,1.6463236764207996,1.4346921853981105,-0.050349601004587734,1,2,1,3,Cole Anthony,ORL
0.4062801282540361,0.11200739314198936,-0.8402562028665935,0.6922684434024747,-0.4153960347993356,1,2,1,3,Kyle Kuzma,LAL
0.7792911351308404,2.3349372197979337,0.2064072406356079,1.2675221865185913,-0.4048916813283835,1,1,1,3,Jarrett Allen,CLE
0.27280918140006255,0.42380152733611615,-0.2133659963427956,1.5925478316755093,-0.18665270352842878,1,2,1,3,Keldon Johnson,SAS
0.47907437379106393,0.12258137834234836,-0.6763405108601712,1.0199343576571067,-0.6341117185654322,1,2,1,3,Miles Bridges,CHA
0.19207603294656525,-0.7088458375908465,-0.3881993795406984,-0.6792032517831617,-0.5005467355383736,2,5,1,4,Alec Burks,NYK
0.34956143962794944,-0.6952292484978212,-0.8323851368967913,-0.8122186796880779,-0.048033173374504246,2,5,1,4,Will Barton,DEN
0.03787884226677109,-0.47952893777784267,-1.0276414491093149,0.2542359892751818,0.31658251239115914,2,5,1,4,Jalen Brunson,DAL
0.7974989927558391,1.3702653429289038,0.037086102538155016,-0.03173989973896852,-3.009623751222512,3,8,1,4,Myles Turner,IND
0.05946519438174398,-1.2445950042155043,-1.4138983427776992,-1.0626073684712427,-0.13647031666050996,2,5,1,4,Seth Curry,PHI
0.5143678235433468,-0.02200901707568807,-0.830215314793894,0.5877857051643579,0.05921228491872073,1,2,1,3,Kyle Anderson,MEM
0.35762219101531,0.3395029325898354,0.15298524155863388,-0.2846261829247943,-0.042432506670150506,3,6,1,4,Aaron Gordon,DEN
0.28434244701245154,0.3706115195057189,-2.0651252651858223,-0.6998014754129891,-1.2126106775939605,2,5,1,4,Brook Lopez,MIL
0.09448228659814234,-0.8179216619032671,-0.054052043620457055,2.4766321293736433,-0.474481228936527,1,2,1,3,Saddiq Bey,DET
0.26951695299233214,-0.6313713239410528,-0.5371587257185892,1.125999793605203,0.5805642862379556,2,5,1,4,Eric Bledsoe,NOP
0.15890396125408432,-0.5259230733776903,1.2792140692104235,-1.1939235058800532,-0.16446396850298264,3,8,1,4,Kevin Love,CLE
0.1831312287048383,-0.6484303357633155,-0.4821377050002014,0.2098018276921598,-0.2748709582995121,1,2,1,3,Josh Richardson,DAL
0.43965973381888046,1.1792845036293982,-0.9621967371570287,0.43446176578972506,0.7711324826180946,1,1,1,3,Thaddeus Young,CHI
0.3642992144013972,-1.1187991679421068,-2.054151613547276,-1.0869967418653335,0.2397414768444981,2,5,1,4,Joe Ingles,UTA
-0.2864402536243851,-0.9940017052527389,0.01943055065642147,0.009117247081124975,-0.4430311937395801,1,2,1,3,Jordan Poole,GSW
0.2697630020085095,-0.7180849333969066,-0.9216504659245549,1.0754386019846223,-0.15136289160053537,1,2,1,3,Kevin Huerter,ATL
-0.3614928929292159,-1.027560668266158,0.4255650659310879,-0.24301669190958636,-0.20491306497830417,3,6,1,4,Malik Monk,CHA
0.13183477409399863,0.684530513290674,0.8942863094314704,1.2150721068393784,-0.12268997310199284,1,1,1,3,Hamidou Diallo,DET
-0.06641651797366728,-1.1962582018194985,-0.7609705079541159,0.15366068535763322,-0.9909215967170338,2,5,1,4,Davis Bertans,WAS
-0.14906346421887878,1.2249307042986632,1.1690402491790712,0.4667949256541659,-1.1766752539138807,1,1,1,3,James Wiseman,GSW
0.6669275091141125,1.598887190853099,0.29415952916259214,-1.2030045711173531,-0.3061068354480018,3,8,1,4,Jusuf Nurkic,POR
0.13126340327706149,0.5772887351969131,-1.5397617702721085,-0.19729422818001394,-0.10422912873810883,1,1,1,3,Bobby Portis,MIL
-0.19203015297217937,-0.9863704584701548,-0.7585864391085568,0.28200128092537785,-0.20573008860917388,1,2,1,3,Immanuel Quickley,NYK
0.012938681300373716,-0.3633518706678116,-1.0914621440426595,0.007081006430215997,-0.21179647309183366,2,5,1,4,Rudy Gay,SAS
-0.10783124184397631,-0.9943209292970628,-1.1388719118154864,-0.7508558208240237,1.1943247364798761,2,5,1,4,Lou Williams,ATL
0.33584166276733,0.6833937123093202,-0.08962287126262936,2.6102503517311466,-0.23739818094972276,1,2,1,3,Jae'Sean Tate,HOU
0.06999031252783143,-0.36867066297985274,1.736403033727353,-0.22213350173332125,-0.7519996260076464,3,6,1,4,Cam Reddish,ATL
0.3646865007779094,1.5399044609089365,0.6188384720150765,1.1045221528955056,-0.4227293856442749,1,1,1,3,Wendell Carter Jr.,ORL
-0.12396710345630295,0.7531285314403274,-0.051975825425764614,2.4079069430899267,-0.9300141489020174,1,2,1,3,Naz Reid,MIN
0.6863162140009256,2.527231263449387,-1.6931580950863012,-0.0766014393027919,0.1956630032774317,1,1,1,3,Enes Freedom,POR
-0.43633237019836024,-0.8166106229453594,2.104012564967541,0.17414765392553092,-1.172909503068625,3,6,1,4,Armoni Brooks,HOU
-0.3016513686659771,-0.7721103631506493,0.04776590832144255,1.2624767606684875,-0.32617808647810953,1,2,1,3,Lonnie Walker IV,SAS
0.02131273677216494,0.737547086537615,-0.5320251415913945,-1.5751527014966915,-0.9375836898524613,3,8,1,4,Serge Ibaka,LAC
-0.16044383090506767,-0.5444015986436922,0.5804840702455134,0.507813389321946,-0.30439197234239557,3,6,1,4,Nickeil Alexander-Walker,NOP
-0.04041555705259084,-0.37247652447266005,-1.6336825654484435,-0.48364857742275225,-0.1293995519797885,2,5,1,4,Jeff Green,BKN
0.13456249354066968,-0.23467442094811955,-0.07455151120977487,-0.6861313020956955,-0.0762231142763983,2,5,1,4,Blake Griffin,BKN
-0.3357630883331873,-0.4379179811758201,0.16256539809019632,2.521762271091473,0.33577922083391526,1,2,1,3,Dwayne Bacon,ORL
-0.01544047129830927,-1.0826700332313497,-1.4553325150750283,0.13317003619711676,-0.5175222266794586,2,5,1,4,Reggie Bullock,NYK
-0.049847367881964234,0.24975357268593945,0.8882950952585388,-1.6257347738129804,-1.3107796162725405,3,8,1,4,Oshae Brissett,IND
-0.2738077690435771,-1.4598736251326372,-1.1060966099900906,0.5915208791386998,0.279699674381159,2,5,1,4,Patty Mills,SAS
-0.32979068141036005,-0.8615607140382789,1.364499750378148,0.4035595576740111,-0.2752294731849317,3,6,1,4,Ty Jerome,OKC
-0.11692346360486591,-0.871591247603387,-1.6345307954933954,-0.3998929375806047,0.30476515104749596,2,5,1,4,Reggie Jackson,LAC
-0.15421599996701682,-1.0009681947774354,-0.10089529343206502,-0.03121069463961785,-0.1659019790387216,1,2,1,3,Grayson Allen,MEM
0.04304473209959032,-0.8232715170773122,-1.257613640764818,1.0492601309385672,-0.3346482649561483,1,2,1,3,Justin Holiday,IND
0.28725304976400845,-0.3347837403923322,-1.3149544889031228,-0.0014259967710666811,0.20410115184973313,2,5,1,4,Donte DiVincenzo,MIL
-0.08691550509126975,-0.6940658770169218,0.5746272827130965,1.861478844369921,0.22809242103798072,1,2,1,3,Cedi Osman,CLE
0.6379547426886821,2.5187925188748608,0.4060933098253058,0.8770703829432259,0.659115948849599,1,1,1,3,Mason Plumlee,DET
-0.11089084777685891,0.8953669057969686,-0.43518609990494556,0.3088804607467627,-0.17560729866603442,1,1,1,3,Brandon Clarke,MEM
0.18277103989913163,-0.24908163763057428,-0.19918958644908122,1.1267288145260363,0.9660547669892737,2,5,1,4,Delon Wright,SAC
-0.3842744088673091,-0.6869085054703737,-0.44157657317184457,-0.9847403088118122,0.2509981760674589,2,5,1,4,Monte Morris,DEN
-0.214103230989916,-0.007472000236126956,-0.30140894954422365,0.5325228599642315,0.8186942834700947,2,5,1,4,Elfrid Payton,NYK
-0.0330950325112165,-0.6798148612376672,1.1398648037875152,2.9705387517290496,0.512741715726554,1,2,1,3,Theo Maledon,OKC
-0.2667089704139932,-0.4878756384426962,0.29214150394649807,-0.8673997864912585,-0.5634551995960365,2,5,1,4,Jeremy Lamb,IND
0.08372274650379209,-0.682126697149484,-1.3722442966697657,-0.6363864152993297,-0.5044232158537204,2,5,1,4,Jae Crowder,PHX
-0.629548613593436,-1.0548210779969438,-1.6195040954551498,0.13546834652967307,-0.05455274398528922,2,5,1,4,Bryn Forbes,MIL
-0.41711697301379275,-0.6699322708664434,0.7724673678692674,0.00805423354679997,-0.1790425166405713,3,6,1,4,Gary Harris,ORL
0.08861372563902498,-0.10417580694577613,-1.3352583125824375,-0.07021573836240295,-0.6743926699322793,2,5,1,4,Dorian Finney-Smith,DAL
-0.6900033782210327,-0.7201741982237394,0.5765457721672284,0.024618045258519797,-0.21140610915267868,3,6,1,4,Frank Jackson,DET
-0.10272749134163432,-0.8463714199201804,-1.3097187368071628,0.20837967552164935,-0.0014659251405977865,2,5,1,4,Kentavious Caldwell-Pope,LAL
-0.5981895687013736,-0.6743563509696789,0.1357047081177285,-1.0170076400004864,-0.7182390027233476,2,5,1,4,Mike Muscala,OKC
-0.33407060898796087,-0.2910785252683631,0.8427117540404976,-1.0815428989279332,-0.15728870836719808,3,8,1,4,Otto Porter Jr.,ORL
-0.02061291377832947,0.8965515030188416,-0.8044335507255609,0.8540585267159141,-0.39360692698758337,1,1,1,3,Daniel Theis,CHI
-0.09216035543130688,0.031936198547890746,0.5339806237270804,2.914379946600727,-0.19626280954820233,1,2,1,3,Isaac Okoro,CLE
-0.6360621115683704,-1.1315225809746636,-0.058173602717610996,0.0802106773103117,-0.24811765718033255,1,2,1,3,Wayne Ellington,DET
-0.31241255937546625,-0.79091885854664,-1.2238545973804593,-0.4804087318673828,-0.3507554337807941,2,5,1,4,Cameron Johnson,PHX
-0.6484589537295298,0.15633388704047357,0.7530354221277646,-0.24115543859762034,-0.028292999344991857,3,6,1,4,Eric Paschall,GSW
-0.3390931803711013,-0.5243678263483782,0.6552612924524785,0.06148214823870199,-0.3058706551605375,3,6,1,4,Taurean Prince,CLE
0.08942210580962698,-0.7421063037105129,-2.1185251156838034,-0.4632345986831424,-0.2683241261965075,2,5,1,4,Danny Green,PHI
-0.1393586172342491,-0.3274339046837148,0.09962075684644041,-1.769411066490697,-0.4158855011447105,2,5,1,4,Trevor Ariza,MIA
-0.06571229412866168,1.5566074505255967,-0.020285443052615214,-0.29037368956048804,-0.01666543413120437,1,1,1,3,Cody Zeller,CHA
0.23680302944991463,0.463790341110538,1.0097018530460666,0.05838730444560726,0.15575878050331854,3,6,1,4,Larry Nance Jr.,CLE
-0.31081026463072203,0.7885140740690627,1.0748090067398202,1.4235134136195733,-0.7851396824860578,1,1,1,3,Kenyon Martin Jr.,HOU
-0.467818651867367,-1.1019902138289501,-0.8780654258802233,0.10906494613081816,-0.18282551418472226,1,2,1,3,Landry Shamet,BKN
0.21752265418790404,0.3972828881475383,0.07707817790526486,0.038403088270026885,-0.20956121852684492,3,6,1,4,Josh Hart,NOP
-0.1196246235225861,0.2752859887233198,-0.20813639769620565,2.2209164008526665,0.0011747101720878904,1,2,1,3,Patrick Williams,CHI
-0.4219142360544397,0.5102145574250567,0.934696255986666,-0.5888040828510824,-0.491083594489899,3,6,1,4,David Nwaba,HOU
-0.39278428329745013,-0.5981873362269683,-1.0600723903606886,0.9549799657791539,-0.08546348287955631,1,2,1,3,Desmond Bane,MEM
-0.4979944400055091,-0.8935533591736264,-0.6840297051925613,-0.40738706998066715,0.08805979303226019,2,5,1,4,Furkan Korkmaz,PHI
-0.23143722326282362,-0.5625745211926796,-0.3813356594541322,0.05070843252970573,0.0017089877004692745,1,2,1,3,De'Anthony Melton,MEM
-0.5006624091178534,1.0142130917939838,-1.3908524476400757,0.3263580035759405,0.16170493806512368,1,1,1,3,Robin Lopez,WAS
0.11031695430165941,1.8898323327078124,-1.701540263831965,-0.02787892646794837,-0.41716002157552146,1,1,1,3,Ivica Zubac,LAC
-0.7117467389309539,-0.4556606872547475,0.8780467625255104,0.7704230072126529,-0.27930493239725723,1,2,1,3,Jaylen Nowell,MIN
-0.23669337456958936,-0.10820771650728198,-0.44490580833756255,0.7249184835631596,0.6852095422147106,2,5,1,4,Talen Horton-Tucker,LAL
-0.16482872757363068,0.2775199828778929,-1.218785698712159,-1.145272517422489,0.1571594862707815,2,5,1,4,Paul Millsap,DEN
-0.0393551754739455,0.47894234816523584,0.3049422558325115,-0.6086856259985471,-0.07109322471930636,3,6,1,4,DeMarcus Cousins,LAC
-0.058478052337904,0.398397758120453,1.3923230719250257,-0.5210563174629212,0.3864906607457973,3,6,1,4,Michael Carter-Williams,ORL
-0.13909115706288241,0.902398004835839,-1.207166183826225,-0.05903558815266173,0.1259732826265509,1,1,1,3,Bruce Brown,BKN
-0.4699746333339205,-0.26257221245334106,1.335599004888728,0.5447789957765381,-0.2393803718745402,3,6,1,4,Danuel House Jr.,HOU
-0.3992813755543348,-0.22874688266701274,-0.8604881363865301,-1.3046701254953161,0.11165191212238033,2,5,1,4,Dario Saric,PHX
-0.08116315364950005,0.7794767570971765,0.5915661085881453,2.167868554368379,0.02855735867629244,1,2,1,3,Isaiah Roby,OKC
-0.5676247100511752,-0.7050176033785766,-0.3809009893048181,1.0375324119046658,0.12004412817825874,1,2,1,3,Terence Davis,SAC
-0.38443454715728514,-0.6348252998750546,-0.880177446421709,0.564946887443798,0.6537734271340578,2,5,1,4,Raul Neto,WAS
-0.6243763907797785,-0.6220773883972706,0.33005023582125376,-1.7457045470057646,0.4918214454481103,3,6,1,4,George Hill,PHI
0.20362379645185977,0.20799052139466423,-0.8674478561458859,0.7277877864190482,2.2493184347746857,2,5,1,4,T.J. McConnell,IND
-0.14222794762427887,2.69023643659374,1.6224041240253646,1.421952382783694,-0.6903941896815531,1,1,1,3,Moses Brown,BOS
0.21954220107942318,2.904871149913041,-0.875426888084567,0.9326405869078317,-0.558957988043222,1,1,1,3,Jakob Poeltl,SAS
0.15357199545871597,-0.6607949511516593,-0.11543905326918322,1.5176932189839953,1.73765839057196,2,5,1,4,Ricky Rubio,MIN
0.432550564895856,0.11622702441366635,-1.7840002525212426,0.29448934521626435,-0.59841026797054,2,5,1,4,Robert Covington,POR
-0.5774872883530794,-0.7163865852462558,0.15872643761891594,2.4376354520911616,0.4977110898831807,1,2,1,3,Svi Mykhailiuk,OKC
-0.4320395956920535,-0.6737933343321493,-1.3098189937239835,-0.7011759293089277,0.49450407482689884,2,5,1,4,Cameron Payne,PHX
-0.39303318160742673,-0.15143020707267632,0.34279715004125383,-0.06516334260045054,-0.008173366230258283,3,6,1,4,James Ennis III,ORL
-0.7641059939912412,0.3218856946753846,2.278583170521068,-1.4862923399745713,0.2932907392103216,3,6,1,4,Gabriel Deck,OKC
-0.07747186461568158,2.953086133024875,0.762916212136351,-0.5371530895505197,-1.4595039058535928,3,8,1,4,Mitchell Robinson,NYK
-0.6377370070475515,-0.7608874030689069,-1.215333976519952,-0.09407886590242252,0.1811406187951853,2,5,1,4,Luke Kennard,LAC
-0.3118066250240717,-0.2294724150385637,-0.3111769334775144,1.1328028399604764,0.8016386268602416,2,5,1,4,Cory Joseph,DET
-0.4421764742180261,-0.39374892576627624,0.10779362821238218,1.07574777848657,-0.18557738321631237,1,2,1,3,Sterling Brown,HOU
-0.3907581004435902,-0.10688592538340408,1.6945692549451774,1.6681958331205455,-0.20957023268514854,1,2,1,3,Aleksej Pokusevski,OKC
-0.5740174407041826,2.0594205903094656,0.7558930022956974,-0.8594350894361026,-0.43539575614105747,3,8,1,4,Hassan Whiteside,SAC
-0.3643242346425806,0.08836168654529988,-1.3284129042611423,-0.6032186251931271,-0.4080339498001762,2,5,1,4,JaMychal Green,DEN
-0.07050658532705158,-0.3663862373916494,-2.061757201821869,-0.6994373751856285,0.13654084655291499,2,5,1,4,Nicolas Batum,LAC
-0.18566154601090432,2.6251954818307817,-0.33872123179170277,-0.22794709599121207,-0.9252279403588525,1,1,1,3,Robert Williams III,BOS
-0.8299829165775772,-0.38956712246863523,-0.5942520433896091,0.16091079093040386,0.4665672478599426,2,5,1,4,Tyrese Maxey,PHI
-0.5244796643992322,1.0323654565994913,0.7220330445591316,0.9775729708621855,-0.8953317344882155,1,1,1,3,Mo Bamba,ORL
-0.4048490772248209,0.43389334611475955,-0.3653091051192736,1.8863986798604078,0.3289139185822535,1,2,1,3,Kenrich Williams,OKC
-0.5975229809152847,-0.687134561276319,0.29813390868869244,-0.7714467286986915,0.17441093694049953,2,5,1,4,Austin Rivers,DEN
-0.13597853828019824,1.653591481708948,-0.4819568850354404,2.1121012784573634,-0.7716171121050853,1,2,1,3,Isaiah Stewart,DET
-0.726932232034691,-0.8760902168632958,-0.9346132174608873,0.5543137522401391,0.017526739652431754,1,2,1,3,Anfernee Simons,POR
-0.42009137214184605,1.7551221266361121,0.07597293023375908,-0.2906858760506751,0.2510661286526263,1,1,1,3,Willy Hernangomez,NOP
-0.4898467838528045,-0.18591742927000357,0.7473296503074708,0.870863692986839,0.13802375465943117,1,2,1,3,Chuma Okeke,ORL
-0.613743194258147,-0.7649105304499193,-0.9859035615690619,0.8605307473193883,0.23211618942091988,1,2,1,3,Payton Pritchard,BOS
-0.3653783024731985,-0.374517177183272,-0.42563182153476986,0.22602454856054954,1.1327320452069771,2,5,1,4,Tomas Satoransky,CHI
-0.5057110711118441,-0.013649673931275485,-0.5772286330096262,-0.7627523837618502,0.05087118419634537,2,5,1,4,P.J. Dozier,DEN
-0.7057673820801356,-0.7589225022557107,1.4243601617319914,-2.540512190925723,0.9228618826467427,3,6,1,4,Mike James,BKN
-0.3612180132759789,-0.04636664791051145,1.1191063085913127,-0.458533674295497,0.2942737016113479,3,6,1,4,Naji Marshall,NOP
-0.6131857175272774,-1.1340145966922952,-0.5774526450514816,-0.21641753434405886,1.0087276232786995,2,5,1,4,D.J. Augustin,HOU
-0.826410214398877,-0.789847183326017,-0.018918111101936183,0.7073900656963692,-0.02884960655678849,1,2,1,3,Ben McLemore,LAL
-0.1959728083425896,2.1299514685997734,-0.2793674825866494,-0.16095912325536516,0.0031230931042702556,1,1,1,3,Tristan Thompson,BOS
-0.35429776706739524,-0.4165887362674555,-0.8139826223905835,-0.037994392599705794,0.20610473069889626,2,5,1,4,Garrett Temple,CHI
0.10198140397443241,2.719687208537497,-0.2363128882330895,0.4607926435501132,0.4958073785459595,1,1,1,3,Steven Adams,NOP
-0.8019002129643704,-0.26022069456583335,-0.25921726461461725,0.30738127095687284,0.23410357458922212,2,5,1,4,Edmond Sumner,IND
-0.33526297721421017,-0.23532176692898804,-0.5213643785918844,-1.6075236105758568,-0.5807039053293012,2,5,1,4,Patrick Beverley,LAC
-0.6320458544327096,-0.7005882455403953,0.48624666402191163,0.4030190290910547,0.630013971410176,1,2,1,3,Malachi Flynn,TOR
-0.6454824957891254,0.8491559224225287,-0.537786772195373,0.8353568544937945,-0.32482556962904163,1,1,1,3,Jaxson Hayes,NOP
-0.21639210149950483,2.588850030859356,-0.8587042964147625,-0.7685355441239933,-0.19841943155343197,1,1,1,3,DeAndre Jordan,BKN
-0.8997385894655126,-1.1265759696594195,-0.46660240684785076,-1.232764617692504,0.4765796106688811,2,5,1,4,JJ Redick,DAL
-1.1077704815867084,-0.6975691898720772,1.4194733922842435,-1.4288611661737356,-0.07382777245277845,3,6,1,4,Jalen Harris,TOR
-0.6720550542655697,0.2829660623103855,0.5446614626258854,0.7647644880318134,-0.05095707933877788,1,2,1,3,Jalen McDaniels,CHA
-0.535299250179964,1.3917951707952572,-0.022637963135854217,-0.4307868770186529,-0.38630916967379614,1,1,1,3,JaVale McGee,DEN
-0.4945259774694708,0.4218654049518892,0.00161209400734503,0.19988039178122585,0.2197894046426277,2,5,1,4,James Johnson,NOP
-0.8173102691812005,0.015074836688271778,0.16594467050231212,0.642402287119312,0.22377124306191243,1,2,1,3,Juancho Hernangomez,MIN
-0.9529132364080779,-0.6237236073672519,0.7596245027854115,-0.5268304239932561,0.3071785695892007,3,6,1,4,Justin Jackson,MIL
-0.723734904037226,-0.7486935805170527,-0.6160953251652987,1.0588868356136933,0.7362829935295121,1,2,1,3,Aaron Holiday,IND
-0.337061917211638,1.2159857026683683,-0.5554789637457862,1.363900720977256,0.2298936136929723,1,2,1,3,Khem Birch,TOR
-0.3366625563544844,-0.11244277010131133,-1.3755755973200259,0.33583882785374647,0.3971270432655008,2,5,1,4,Kent Bazemore,GSW
-0.7149720257041613,1.8459166732866836,0.38035740688909947,-0.17434480491872117,-0.2874758693764195,1,1,1,3,Tony Bradley,OKC
-0.67224339121768,1.439158934871766,0.2868833001052002,-2.899319556294535,-0.5354732493622401,3,8,1,4,Dewayne Dedmon,MIA
-0.31144952947847704,-0.26711817982444014,-1.053523669130913,-0.831708224020263,-0.6682127097686485,2,5,1,4,Maxi Kleber,DAL
1.0509820990985752,0.6731676707434103,-0.741839686756353,-0.22244216958571908,3.361581195917076,5,3,1,2,Draymond Green,GSW
-0.5867956204544648,0.03725402918177312,-1.3809103057676009,0.05373647471391098,0.27063355404835876,2,5,1,4,Terance Mann,LAC
-0.6531237751964434,1.9527721316346205,-0.4270154332660341,-0.23091338321783436,-0.707463154879576,1,1,1,3,Daniel Gafford,WAS
-0.9551916098110605,-0.0691119429780147,1.7871705286110424,-1.1103721564087037,-0.3511624938513564,3,6,1,4,Ignas Brazdeikis,ORL
0.19546029394049586,0.09865739500247468,-2.3579432128092375,-0.5074318764598171,-0.0968953686847505,2,5,1,4,Royce O'Neale,UTA
0.05073339863072471,2.203505670959452,-1.4688604339048743,-0.38317396538592113,0.10600804425404897,1,1,1,3,Dwight Howard,PHI
-0.700648517709611,-0.9060890703620836,-2.414071526849484,-0.6039263055716668,0.17248195875892763,2,5,1,4,Georges Niang,UTA
-0.8340182526353276,0.14648881511593007,0.830906070673717,1.1993361986477116,0.5611331699940154,1,2,1,3,R.J. Hampton,ORL
-0.6883364977132971,0.07637190061880916,0.4698192225843329,0.34029446920353035,-0.05141909647644685,1,2,1,3,Moritz Wagner,ORL
-0.6839117197502312,0.4321847823096792,1.594882341141915,-0.6300187806416975,0.24676014500790525,3,6,1,4,Justise Winslow,MEM
-0.5861883031354791,0.5894424219661663,-0.49518569120080386,0.5439250566210293,-0.51627317685866,1,1,1,3,Derrick Jones Jr.,POR
-0.7377187128842956,0.022498288298414403,0.15332558056181614,-0.7590850196662418,0.13159045886461496,2,5,1,4,Gorgui Dieng,SAS
-0.4444566120517628,-0.23781072076372975,-1.8170717054052647,-0.0688243998031603,0.15983996513275772,2,5,1,4,Pat Connaughton,MIL
-0.5336648288257384,0.4557107637605556,-0.11557915380959274,2.259691413359197,-0.7230676164323675,1,2,1,3,Jaden McDaniels,MIN
-0.322418116040986,-0.5291282505046363,2.2543809809103594,0.414316585629768,0.8266321501048278,1,2,1,3,Killian Hayes,DET
-0.7453784345828183,-0.7044931549478117,-0.6973217422411453,-0.5330064831550533,1.1129107702317786,2,5,1,4,Jeff Teague,MIL
-0.6413607374685495,0.02365930981752347,-0.12973258268115193,-0.8052226973251655,1.0588059526060094,2,5,1,4,Ish Smith,WAS
-1.014597032878917,-0.4977617959497459,0.7514589072369302,0.7121247370506237,0.6603929245582729,1,2,1,3,Damyean Dotson,CLE
-0.6997218530038828,-0.2218532320389619,1.4286722203985418,-0.7453523224489866,0.5163264671501452,3,6,1,4,Dennis Smith Jr.,DET
-0.5937432292971699,-0.03586667629314786,-0.9127127603500355,0.12076588390520221,0.3622330207659536,2,5,1,4,Markieff Morris,LAL
-0.9791454618902001,-0.1565126004777779,0.5116737799878625,-1.8714594977167185,-0.14350911139851283,3,6,1,4,Abdel Nader,PHX
-0.9940397617809521,-0.832697737207899,-1.0294878536085794,0.0018435506556683128,0.7717921312786695,2,5,1,4,Trey Burke,DAL
-0.5748045767769608,1.7621476400241343,0.08193568946474815,-1.5610481926438786,-0.8737035021784455,3,8,1,4,Nic Claxton,BKN
-0.5957522096531771,0.8335635488394697,-0.6817996287378756,0.5237608295388066,-0.04016176788426145,1,1,1,3,Xavier Tillman,MEM
-0.6802899990747917,1.199482551807908,-0.8325626345449353,0.5761436328197587,-0.14802570525462944,1,1,1,3,Alex Len,WAS
-0.7932529741383495,0.3036717760657023,-0.521365552540717,-1.0441609413232806,0.24821878037797468,2,5,1,4,Frank Kaminsky,PHX
-0.7653667681842281,-0.7955064575720915,-0.8082189217275649,0.5858304672639153,0.5953050086799697,2,5,1,4,Denzel Valentine,CHI
-0.6920456269970038,-0.580717803294546,-0.9383575775991858,0.03909570601003285,0.25367294303276244,2,5,1,4,Damion Lee,GSW
-0.8362333040315709,-1.6695071815588726e-05,0.3383603127640556,-0.8408023104155018,0.4807404132040941,2,5,1,4,Nemanja Bjelica,MIA
-0.9071791756594796,-0.6275009584500477,1.0449425635399854,0.6995333056576647,0.495669319048853,1,2,1,3,Chasson Randle,ORL
-0.8627589984640207,-0.6768476549231301,1.251479170835448,-0.27302914765215736,0.24701928977140114,3,6,1,4,Avery Bradley,HOU
-0.4602747577022303,-0.21673214000978253,-0.71078350238279,0.1191965193395434,0.7945951413745419,2,5,1,4,Alex Caruso,LAL
-0.8101865594733997,-0.6872022013316005,-0.7401730009919959,-0.004386153906333149,0.34598184620453626,2,5,1,4,Timothe Luwawu-Cabarrot,BKN
-0.8967485687182836,-0.6022222969393664,-0.03787085656178331,0.7570910913026931,0.5654029149799333,1,2,1,3,Kira Lewis Jr.,NOP
-0.5534277409766133,0.2608498452406448,0.039565857812837064,1.1087064407870324,-0.19503494801335425,1,2,1,3,Deni Avdija,WAS
-0.7551634013756597,-0.7066592055088929,-0.9313035922744167,0.7856283452803303,1.577331814978015,2,5,1,4,Tyus Jones,MEM
-1.0059272125537342,0.3907244169287667,0.5861482752803677,-0.331632080116514,-0.08571572049519129,3,6,1,4,Chimezie Metu,SAC
-0.6854220041873285,0.6644849256690947,-0.39266518886734286,0.1653046320608198,0.21856884220485998,2,5,1,4,Aron Baynes,TOR
-1.0475985678047535,0.8524717536042439,2.1110913206569553,-0.6408904043770809,0.34159259883676496,3,6,1,4,Jaylen Hoard,OKC
-0.37850422407741713,-0.8287251761626616,-1.270840642358839,-0.1901259691218456,1.102815888665057,2,5,1,4,Facundo Campazzo,DEN
-1.3192370455317397,-0.5183226451777992,0.39391731697564064,-0.081159872912576,0.08531722445656686,2,5,1,4,Max Strus,MIA
-0.8370813564051472,-0.26346356345332606,-0.20984566105652327,1.768333605967103,0.3488349651439107,1,2,1,3,Dean Wade,CLE
-0.6069384023992337,0.9883832257846589,-1.1319769919171625,-0.6041227747188652,0.08881682205423617,1,1,1,3,Dwight Powell,DAL
-0.713417013064198,0.26697612497365997,-0.6598544078477259,0.5011329830049115,-0.2783883010425632,1,1,1,3,Drew Eubanks,SAS
-0.6813306578310191,0.33006918041585664,-0.08494888673502222,0.17337808343670055,0.7433985089336608,2,5,1,4,DeAndre' Bembry,TOR
-1.3897895790440724,-0.3484421623820663,0.9800810491405378,-1.6897851990721806,0.25648205083927633,3,6,1,4,Rodney McGruder,DET
-0.4772753632025689,0.3654461790990166,-0.8467089991392995,-0.30574959564683607,0.34527865026084503,1,1,1,3,Juan Toscano-Anderson,GSW
-1.2670143325679764,-0.5804397860411659,-1.0227062662471755,0.10559356482589846,0.34705256054826067,2,5,1,4,Mychal Mulder,GSW
-0.9933746588731698,1.8799678381644709,1.6402205943086374,-1.7455907149087546,-0.6544902765733777,3,8,1,4,Donta Hall,ORL
-1.1758872084126275,-0.5637869758054735,1.463987097689097,-2.0650736501745435,0.3069655496619761,3,6,1,4,Yogi Ferrell,LAC
-0.8422407549515999,0.0608097387687052,0.6614415053921664,0.827207685352575,0.9764598745512889,1,2,1,3,Saben Lee,DET
-0.8622306416464445,1.6614051387877882,1.6136985212421122,-0.853272677139751,-0.708099891099679,3,8,1,4,Freddie Gillespie,TOR
-1.1164802552259872,-0.2841127721486085,1.4698213050523796,-0.2728210241130634,-0.12944078368233716,3,6,1,4,Anthony Lamb,HOU
-1.2888851370511683,0.5721883387066337,1.4159775798160115,-1.9200492939480112,-0.0707654116183625,3,6,1,4,Jabari Parker,BOS
-1.0225527194666668,-0.6949726200439907,-0.7301318970688334,0.9299250708468284,0.2536609800751172,1,2,1,3,Garrison Mathews,WAS
-0.7871176713428624,-0.3727051287855995,-0.3573306167050044,0.33062356315963237,1.4058800675908198,2,5,1,4,Brad Wanamaker,CHA
-0.904977305964203,-0.32199982846477876,-0.5118501968944742,1.0495740307662549,0.33324320041998723,1,2,1,3,Devin Vassell,SAS
-0.848145805724051,0.20935914045760742,-0.7115297780032943,-0.6396444743315328,0.14873695008333204,2,5,1,4,Torrey Craig,PHX
-0.6352877790599698,1.845314319013885,-1.6911428019218744,-0.5553313302030545,-0.1659894232101667,1,1,1,3,Derrick Favors,UTA
-0.9219588528060274,0.528079632797979,1.9206533433965467,-0.5816381999996729,-0.952705614012659,3,6,1,4,Justin Patton,HOU
-1.0971629322216268,-0.8424529769829747,-0.3976865313863066,-1.4953062864928435,0.4227724457700245,2,5,1,4,Tyler Johnson,BKN
-0.6697979471990122,-0.7913291918031837,-0.5738486629538652,-1.423683568320469,1.5236988219377252,2,5,1,4,Rajon Rondo,LAC
-0.5431692437799888,1.6539415959989014,-0.25993349976007984,1.753105500450166,0.26761714700598827,1,2,1,3,Jarred Vanderbilt,MIN
-1.3337708243846567,0.7107170776011115,1.0897915694739517,-0.535000357149833,0.05274378517570991,3,6,1,4,Jahlil Okafor,DET
-0.7614710231077595,0.18043656210933187,0.15688656923639577,1.594000883429747,0.2528631069700555,1,2,1,3,Josh Okogie,MIN
-0.5446500632138422,1.5586437479735884,-1.1636206163518539,-1.7579146075040182,-0.4461164858618186,3,8,1,4,Taj Gibson,NYK
-0.9305849779108064,-0.75973174142584,-1.1633163015494228,-1.0372260928582517,-0.057855951773818304,2,5,1,4,Tony Snell,ATL
-1.1154300877689742,0.4384255704284538,1.3951105626617566,0.5184459182324723,0.19832596195660446,3,6,1,4,Jarrett Culver,MIN
-0.7681684957433941,1.5706937436404478,-0.7872206841725139,-0.46126126054666483,-0.2699628234626913,1,1,1,3,Willie Cauley-Stein,DAL
-1.3296401148660661,-0.5076444724360544,1.2553857234576904,-0.9557632405926868,0.2243285093610535,3,6,1,4,Glenn Robinson III,SAC
-0.8521055366009351,-0.015874714627374404,0.4060627480690192,-0.38674386929854204,0.048508228617940984,3,6,1,4,Maurice Harkless,SAC
-1.172746865461873,0.03343907524505472,0.7783331118582885,-0.17883671915999733,0.04536590738362145,3,6,1,4,D.J. Wilson,HOU
-0.9858715573474738,-0.060247460370639175,0.8790062684661483,-0.45747469509648786,0.18145093686760752,3,6,1,4,Dylan Windler,CLE
-1.1846416033001808,-0.4492374007553096,-0.4140161530794513,-1.518795673898589,0.2911369255766913,2,5,1,4,Patrick Patterson,LAC
-0.9865046626567361,0.7725837780816411,0.2492394555414286,0.20518330431631687,-0.7325655614467179,1,1,1,3,Goga Bitadze,IND
-1.2370947544761985,-0.009978956886564944,0.28155503251930397,0.3312139659183498,0.48399143771971637,2,5,1,4,Jake Layman,MIN
-0.8704735495858353,1.0959674523397203,0.04394455539850143,0.051839008260749136,-0.12858635073301597,1,1,1,3,Isaiah Hartenstein,CLE
-1.0724121508894013,0.09497052317913225,0.4727807962688828,1.7304616009986593,0.4341156078433676,1,2,1,3,Sekou Doumbouya,DET
-0.19629677585761535,2.3948253707691074,-1.0866376652540022,0.35652568085156316,-0.9863068164730043,1,1,1,3,Nerlens Noel,NYK
-0.5614074321358673,0.2498098449750054,-1.1564657359909678,-1.1020509047868505,0.02236187741732284,2,5,1,4,Marc Gasol,LAL
-0.8808597527106575,-0.5048181319383893,0.36167469370610106,0.9048182526626387,1.4230560424277034,1,2,1,3,Jordan McLaughlin,MIN
-0.682688167615836,2.154643925864238,-0.26184080227176765,1.3309177344388856,0.0704735924517642,1,2,1,3,Bismack Biyombo,CHA
-1.3101361195867658,0.07647393290959675,1.3001929952442426,-0.9136612604876827,0.3497880595015636,3,6,1,4,Trey Lyles,SAS
-1.0989021745457073,1.4375031587913358,-0.06852498157543874,0.8970769760911512,0.4643885004971047,1,2,1,3,Precious Achiuwa,MIA
-1.0224710670693178,-0.03681772740035528,0.14866351151910906,0.6428988556142399,0.8288287058162509,2,5,1,4,Caleb Martin,CHA
-1.1870276081084508,-0.33536025562096244,0.17918220497394177,-2.0980336776241857,0.681005865951229,3,6,1,4,E'Twaun Moore,PHX
-1.0889760148555623,-0.4106306172294128,2.1098255868550324,-0.5842208907103598,0.2762034184057994,3,6,1,4,Jerome Robinson,WAS
-1.290916785042917,0.7457224319079712,0.5570333197835575,-0.46091277176727236,0.14632853309760277,3,6,1,4,Tyler Cook,DET
-1.2298172675409664,-0.45585361389646756,0.2139529064622798,-0.06504376524627625,1.0653873338703248,2,5,1,4,Brandon Goodwin,ATL
-1.1895188529802332,-0.7171397501737724,-0.16630445750388237,0.05422239150486903,0.6441903085478434,2,5,1,4,Gabe Vincent,MIA
-0.9657504658206806,-0.7850218962526229,-1.1579085098786628,-0.41524623631502433,0.6664032695307052,2,5,1,4,Wesley Matthews,LAL
-1.1192390390612452,-0.10571082874088773,-0.04855509587186225,0.18321296036146445,-0.0659746790215116,2,5,1,4,Aaron Nesmith,BOS
-1.1868069616880697,0.05346758824357035,0.667493267985472,-0.1644133433106265,0.11669778163563728,3,6,1,4,Troy Brown Jr.,CHI
-1.0537244998793716,1.1703480013664775,0.01070081141687614,-0.9670973046740879,-0.2522612865184549,3,6,1,4,Damian Jones,SAC
-0.8651210197008444,0.29233260196107813,-0.5341003568405613,1.3273741799772312,0.102389077703012,1,2,1,3,Grant Williams,BOS
-1.1473630518155966,-0.4175801969763123,-0.6358867868459532,0.22065008517198112,0.5700203606906934,2,5,1,4,Semi Ojeleye,BOS
-1.2469241307007588,0.0064058446303966515,-0.1720034440632447,-0.1266480572484029,0.10418083576390777,2,5,1,4,Nassir Little,POR
-1.0986429336155372,1.5677145366973606,-0.04769642277391004,0.030437475220391714,-0.1276211010265681,1,1,1,3,Onyeka Okongwu,ATL
-1.1538107950411183,-0.5208043921349471,-0.387774921914335,0.19829987217418735,0.8164008040332579,2,5,1,4,Rodney Hood,TOR
-0.8028844065287453,-0.3878314398894668,-1.483185726154417,0.5180915046251883,0.7906469117042981,2,5,1,4,Solomon Hill,ATL
-1.2790826150056578,-0.45467261064863496,2.1889710009422285,-1.146229380710365,-0.011020987889242818,3,6,1,4,Charlie Brown Jr.,OKC
-0.876769762854628,0.268210869139358,1.2144161443682948,-1.074908144843119,0.5610451509368519,3,6,1,4,Al-Farouq Aminu,CHI
-0.8717472795476386,-0.2300016217028346,-0.28516121326805954,1.2298636288969906,0.8112221293375361,1,2,1,3,Stanley Johnson,TOR
-0.6646370154956698,-0.1522126521315318,-1.155781874681924,-0.1757560730180939,1.0562442067785607,2,5,1,4,Andre Iguodala,MIA
-1.0971447606872244,-0.1367149013400074,-0.4184109630939849,-0.07319805824560344,0.3649386825851882,2,5,1,4,Yuta Watanabe,TOR
-1.2222934122223972,-0.22914171558069835,1.049035193095235,-0.9997955874006298,0.48304670535192146,3,6,1,4,Chandler Hutchison,WAS
-1.1312596452347075,-0.04620400611259181,-0.28066908564482723,-0.6842825718936364,0.5448063804641969,2,5,1,4,John Konchar,MEM
-1.1347755413230236,-0.40965500845749775,-0.7934113110467466,-0.7648738192354047,0.6081186004544392,2,5,1,4,Mike Scott,PHI
-1.3177469233870247,0.43647379323757973,0.8191830668632556,0.22510146152447924,0.5323291071968471,3,6,1,4,Lamar Stevens,CLE
-0.7547100950876179,1.2306392228879373,-1.0804905850568753,0.13327958347867236,0.2514207029835064,1,1,1,3,Kevon Looney,GSW
-1.2930367335956712,-0.7246940864578215,1.121151581497242,-0.5636829451696979,0.8874733900255422,3,6,1,4,Nico Mannion,GSW
-1.2709566354725137,-0.19888558706761333,0.8544556194635834,-0.08683978206699343,0.08471655232407438,3,6,1,4,DaQuan Jeffries,SAS
-1.2837797009969156,0.32594637108436775,2.5290661040161337,0.18501576082692034,0.6279970019425916,3,6,1,4,Josh Hall,OKC
-1.7816521236343723,0.5027864208748982,2.2707521265636723,-0.40765149838166626,0.5092911533041298,3,6,1,4,Jordan Bone,ORL
-1.0638874212201102,0.3355107945135962,-0.16272221138271037,0.178575305451971,1.0235399781809402,2,5,1,4,Cody Martin,CHA
-0.7772746770377311,0.37841565882322675,-1.2213886672764305,0.37879992294871134,0.3134791603077507,1,1,1,3,Matisse Thybulle,PHI
-1.3404952701518171,-0.12748434305911785,1.1701916350732555,-0.018510419473537015,0.5665390721732593,3,6,1,4,Brodric Thomas,CLE
-0.7385472705493664,0.020315550980574113,-0.551017712359847,-0.03598815675646131,0.48350671046762117,2,5,1,4,P.J. Tucker,MIL
-1.5132445091843694,-0.032223872264998725,1.6405241892565474,-0.8826933982438525,0.2174717611870623,3,6,1,4,Romeo Langford,BOS
-1.362288709281495,-0.3719386509125949,0.6107997988926439,0.14243508535670102,0.5692514830837974,2,5,1,4,Gary Clark,PHI
-1.3389599183953427,-0.22656911070369742,-0.3263909389452531,-0.798573795451952,0.8894587436747189,2,5,1,4,Nicolo Melli,DAL
-1.2905633070454385,-0.6809472216799897,1.5033406700268217,-1.8799123261861708,1.113496127910068,3,6,1,4,Matthew Dellavedova,CLE
-1.5605354605075374,0.30515870798600647,0.6160573918145126,-0.23103995179859813,0.44025896444546186,3,6,1,4,KZ Okpala,MIA
-1.4935631946778645,-0.045750981300900745,0.5193815757975121,-0.1242750989383922,0.9662407426467674,2,5,1,4,Wes Iwundu,NOP
-1.2181007307579814,1.2680166894296387,0.8736137475221142,-1.2271358511091572,0.15126688216438888,3,6,1,4,Ed Davis,MIN
