PC1,PC2,PC3,PC4,PC5,Player,Team
-7.937506462113932,6.538864698457008,-3.463275421451509,-2.545460322862572,-2.1528355204679337,Stephen Curry,GSW
-4.254930634959007,7.347971439379835,-2.386292233359739,-4.26792124360101,-2.2303815432404637,Bradley Beal,WAS
-9.050959560098187,7.8469043824270575,-0.8036152478585376,-4.675235074027667,0.19190679604649657,Damian Lillard,POR
6.485586477427261,15.372254981396342,-4.3014023570812405,1.813892377753772,7.064399606826895,Joel Embiid,PHI
0.26833518088377606,11.387310593965024,1.997607051870077,-1.4619199231917015,0.5667338405855245,Giannis Antetokounmpo,MIL
-6.885185535777116,11.322542998745368,2.468262618619137,-4.0019716743958575,0.9757125810251458,Luka Doncic,DAL
-5.269892793815788,6.243382217167099,-2.256424809235465,-3.2969746987315967,-2.8002657693698727,Zach LaVine,CHI
2.784950350079478,7.839963231317167,-0.268259914045891,-2.1566915991979294,-0.8334254689083775,Zion Williamson,NOP
-2.9067405724314614,8.645569754974709,-3.1011242602910563,-1.1436427091733656,2.638415026638793,Kevin Durant,BKN
-5.697650129542904,6.900368192197981,-0.6744375113296864,-1.8035097368167285,-0.5370590658737928,Kyrie Irving,BKN
-4.41961853712253,7.3211674010853,-1.8618944571275107,-2.0565222719003575,0.42505962505192135,Jayson Tatum,BOS
-7.766171699570779,6.083182280553022,-0.15262758918544533,-2.3340824971047422,-0.3843072202409524,Donovan Mitchell,UTA
2.9101673424814734,13.86293938956805,-0.16836358576315483,6.3473285791066365,4.9596520269002795,Nikola Jokic,DEN
-5.145468103705626,6.694420510756749,-1.3469245548708717,-2.1754677606128765,-0.45265655730874393,Devin Booker,PHX
-11.163901042829407,7.078145234910174,4.064762010830232,-3.6648059239375037,-0.949346164301727,Trae Young,ATL
-8.351620055640664,5.938560130290664,2.692064655618948,-3.517273406895214,-2.5378015795782964,De'Aaron Fox,SAC
-3.7849681680050584,9.1345271509825,0.5303881815691247,0.32123780184478185,1.9808005275549065,LeBron James,LAL
-4.2518004116926225,8.827660495032376,-0.7157252129819492,0.775451744362267,2.692129654871791,Kawhi Leonard,LAC
4.471726763961092,10.804592473122053,-3.564533162152352,2.544699416237892,3.0685463716198327,Karl-Anthony Towns,MIN
-2.5542078513806636,4.957190129751229,-2.965856040878511,-0.5561681884663275,-1.3059814727481418,Jaylen Brown,BOS
-8.743244189928443,10.15119528875694,4.311222515697,-1.424196792580632,0.24265079629895714,James Harden,BKN
-4.865602720399772,5.547619904548007,-0.7222823238687588,-3.243499713961668,-3.0696737042749773,Collin Sexton,CLE
-2.02378842388546,10.246482589582685,-1.2893842138734846,3.110333354864305,1.3981195133298059,Julius Randle,NYK
-5.1276922628046355,5.763274027845402,-2.0037304312584925,-1.996639837489642,0.3619341392490613,Brandon Ingram,NOP
-7.875860262970378,7.261780266393922,2.9553001941069503,-4.726351624640881,-1.0452678113067622,Shai Gilgeous-Alexander,OKC
2.4855767371301836,8.809015585992917,-4.362540503856962,5.805482657462181,5.13752670666303,Nikola Vucevic,CHI
-4.961032069181348,6.585151771513517,-1.0821024867465245,0.41562526967842045,-0.3648997300494195,Paul George,LAC
-6.558021972817249,3.5364029870379725,-2.1013937279958004,-2.25234626176282,0.8060530138498908,CJ McCollum,POR
-1.3932990169686283,4.724237076635254,-3.2579151415073455,-2.066635056939703,-0.547993287043853,Jerami Grant,DET
-6.5225241639912594,10.3819035975844,5.648336091437574,1.1627985512985826,0.35290526403518413,Russell Westbrook,WAS
4.860608106722699,9.065220212328889,-1.1934268577470204,2.688710450791638,4.107700151641233,Anthony Davis,LAL
-6.1097525247625555,6.702838689417594,2.3252389204740127,-3.6549312605674005,0.9497622410471692,DeMar DeRozan,SAS
-3.312233574616991,9.14339292466202,4.109317235923706,0.8795353025115322,-0.7447793466343878,Jimmy Butler,MIA
-1.2060053561725304,7.332456847240197,0.15298783446900288,0.3781062334371455,0.11365614077996113,Pascal Siakam,TOR
-5.974686287483486,4.127835278470265,-0.6271801651238579,-0.7473692347299733,-0.7422569726060312,Jamal Murray,DEN
-6.4778753754383995,4.320632539202378,-0.26792515279735996,-0.900862027664039,-1.0169322610169422,Malcolm Brogdon,IND
5.03153308693988,5.540847683390987,-3.035612903325664,-0.11299538098939392,-0.2400360165499958,Christian Wood,HOU
-5.951927409421949,4.679033347453435,1.4203242194344365,-3.2409361079203833,0.033200619939960554,John Wall,HOU
-5.38918919045762,2.0440515011612983,-2.152596608325654,0.411861164278725,-2.108727395750497,Terry Rozier,CHA
-4.346383698609878,4.792897914581315,-1.1813134585188372,-0.5180631340314947,0.4748623085107811,Khris Middleton,MIL
4.4806791291267105,10.591510220894568,0.7922168695876752,5.631779493090558,1.056395908193703,Domantas Sabonis,IND
-5.1850532288626745,4.727998374496878,0.6919454412884941,-2.8723203147049783,-2.1069833781463525,Caris LeVert,IND
5.073587027496494,5.752809325074163,-4.700343710020364,1.6072536034923677,3.2688245702371233,Kristaps Porzingis,DAL
-5.1138896788779595,3.1894532911007794,0.4721962197791336,-0.827604675020688,-2.0267251593067046,Victor Oladipo,MIA
-2.63010688441808,4.135856100823914,-2.1257071834225045,-0.2550331327152008,-2.1860131983204614,Gordon Hayward,CHA
-8.15075163246309,3.69298133091509,1.311567596804823,2.4059613190111455,-2.9752649491466037,Fred VanVleet,TOR
-2.258860066826747,0.3741381153944537,-5.069905512106031,-1.1178561651858638,-1.9684121547419837,Malik Beasley,MIN
-1.380898825194477,5.649225980673083,-1.3588345603430667,0.8476030583612422,0.9350156246887953,Tobias Harris,PHI
-3.079813471774499,2.907537830680441,-1.3557719605696874,-3.0510948660912884,-1.975546138873072,Anthony Edwards,MIN
-7.374350095617736,2.3451407817157963,0.6919680250958202,-0.8404083927245593,0.01591931946098266,Kemba Walker,OKC
-5.852741468746797,5.551706346173282,3.235039732158148,-2.225719041981307,-2.1416492161328886,Ja Morant,MEM
2.5123762279833275,2.00333687390017,-5.600975735939487,0.2643448529391277,-0.4847660211634217,Michael Porter Jr.,DEN
-5.610475448950027,3.2855358131266708,-0.6557669422820547,-2.8248865206282905,0.5245672764403402,D'Angelo Russell,MIN
3.655276092500692,8.280396984377754,-0.14897977930394682,3.35707784787017,2.3593778290327294,Bam Adebayo,MIA
-3.109795519908609,1.3072427373138231,-3.6651178005818585,-1.769936158342207,-2.650282430086904,Norman Powell,POR
-0.7579562560790695,3.5622526997558586,-2.439143165047709,-0.2886662887533946,-1.8953541376154754,Andrew Wiggins,GSW
-4.458941194589623,2.5401074409704294,-1.8463368103012905,-2.2729526173819705,-0.6441145645812445,Jordan Clarkson,UTA
-4.699908670088372,0.6011279993339685,-1.3012591514446343,-2.2502877613832366,-0.06044355226313226,Eric Gordon,HOU
-4.634695189016434,4.179297154226556,2.1532881444922642,0.3194404347462602,-1.2415052485152027,Jrue Holiday,MIL
5.517342202670041,4.637421496808988,-3.661288055762519,1.2694646514677193,0.016777536782546346,John Collins,ATL
-2.0768039044769355,2.5818173395394086,-1.8873265142076792,-0.13707164710712175,-2.0099084287915385,RJ Barrett,NYK
-7.628314378877414,2.2297768581785746,1.661303411851714,-0.041180437911164505,-1.9247824596535432,Darius Garland,CLE
-6.440600089238263,4.2533091958668265,1.2711437059264468,2.2061387808388706,-1.9197534856941925,Kyle Lowry,TOR
-2.561213295057357,1.0199283694945922,-2.3031242575873185,-0.5353121155031721,-2.6357124601554265,Dillon Brooks,MEM
-3.0781322914756095,2.0212251897027818,-2.9925631310927368,-1.8864799252991165,-1.752210850389567,Evan Fournier,BOS
8.58920528873507,7.752683758016273,-1.5705779218135125,1.628817936685756,2.7472087146499047,Jonas Valanciunas,MEM
-1.8715365863032638,2.3481577728062915,-4.811244252070001,-0.7904966838431641,-0.8687995421389479,Bojan Bogdanovic,UTA
-1.4247771363256205,0.6148576370820529,-5.305409752408775,-2.4217352737271174,0.004655176257927598,Tim Hardaway Jr.,DAL
-5.240454791607287,2.9901132641383583,2.2521864975224752,-2.987716895096579,-1.7332084089422077,Kevin Porter Jr.,HOU
-4.205424726369876,0.4212628989978468,-3.5378307295639004,1.541580891101002,-2.360494690659137,Buddy Hield,SAC
-9.363684215097836,5.871891201709564,3.6614443214061647,0.9087165015477612,2.7986934822420704,Chris Paul,PHX
-4.566332338151233,0.623722260729913,-2.6296845378267104,2.256489952424148,-1.337905337916226,Bogdan Bogdanovic,ATL
-8.052749554127587,3.117919349440438,1.382024752355324,1.4448477576302712,-1.0515208555994775,Mike Conley,UTA
-0.42850657820223076,3.5523082973230355,-1.6707646213244283,0.4213931247244774,-0.5481148133977466,Harrison Barnes,SAC
0.09276188183510868,1.8849127124319474,-2.1069945057632933,2.6812605602567,-1.7075444751135351,OG Anunoby,TOR
-5.065750637628037,3.3796963694399027,2.5433075771468356,-0.27884107337412484,-2.1603804772603805,LaMelo Ball,CHA
-4.299361899991258,3.261184357436719,2.5165056579533513,1.2019262245047926,-0.85022165103977,Dejounte Murray,SAS
-3.0305815856636076,0.014914790821222053,-2.4418263810654057,-2.571107477871639,0.70972845620764,Terrence Ross,ORL
2.0719685510119388,0.9469993711151377,-2.7820545183382155,-0.9599713556821386,-3.162553652058291,Kelly Oubre Jr.,GSW
-6.615041140362969,3.410088440158055,3.145593170171713,1.1200896791909432,-1.98977651213712,Dennis Schroder,LAL
-3.7441999849973957,1.2748907614535399,-0.8683268496893989,1.3918223246086394,-1.9764538748314995,Derrick White,SAS
-3.040769486465917,-1.2496259288305014,-4.0678551929911535,-2.1316469071904036,0.11579074267220436,Gary Trent Jr.,TOR
11.143028870711834,5.5059232063636365,3.158833775969589,0.7179879465159816,-2.1087167075017166,Clint Capela,ATL
-3.8832236298532075,0.8098863097706848,-0.6350677795177254,-0.5207537819804754,-0.8178180469520915,Tyler Herro,MIA
-5.8112914738557295,1.4241848207913697,-0.07293724509722072,0.8520519290868965,-1.0848300250053846,Coby White,CHI
0.1622375634018143,2.692073774807676,-2.99344364630374,-1.0133930276188625,-0.2189803988080818,De'Andre Hunter,ATL
9.286820570229345,7.472393566759839,4.321399502000363,0.8474922915636346,0.8536054902951018,Andre Drummond,LAL
-7.205515106833444,-0.0647826430951211,-0.6467523180325331,2.360154230439472,0.08972495757722532,Devonte' Graham,CHA
-5.444035691335314,2.0439864735752926,1.7441916994071849,-1.0352009404630036,1.7426765085535192,Derrick Rose,NYK
-4.308591019235766,0.6653676831546522,-0.34300113675278787,3.1960102071833982,-2.1394025862147052,Lonzo Ball,NOP
-3.525888967369448,-0.3948400486160768,-1.9367037804605678,0.4694204558411589,-1.13974433793839,Kendrick Nunn,MIA
9.068008345902273,6.314491860401658,-0.1862580316391898,2.1344394448051864,1.5044718081427717,Deandre Ayton,PHX
5.3911289077084446,2.957581334685162,-2.3021341731870466,-1.6163336546418745,-1.331000198236113,Jaren Jackson Jr.,MEM
5.068023971384337,1.208591876600035,-1.4222770624355552,1.2795163198500834,-1.8877944087357148,Thomas Bryant,WAS
11.205445561635937,6.594646345104221,2.0704412118676943,0.7329356157112812,-2.851871050505893,Rudy Gobert,UTA
-1.621893208962245,5.34521122802287,4.29671826363338,3.001026255202041,-0.8754040954123741,Ben Simmons,PHI
7.986502075608857,5.000634883804665,-1.6237301468113232,0.5410775207813268,-1.1818657596677833,Richaun Holmes,SAC
1.6285438119901472,1.9786450375804219,-0.9706936655690545,3.2436312293584364,2.8183349541441576,Al Horford,BOS
5.504035688191336,1.4158017663599958,-2.1398067488235117,-2.1376402801611616,0.6465040661701558,Marvin Bagley III,SAC
-1.623509886171671,-1.3200740035216996,-5.315098072478636,2.2917129028976686,-2.460953561388857,Joe Harris,BKN
-2.555032286375311,-0.3366019260312689,-1.3635085349662412,-0.1041922622582851,-1.9086364158220688,Luguentz Dort,OKC
2.2734077853098476,1.6710709225318108,-2.474965667731739,-0.0009830915991765185,-1.0435280187000238,Rui Hachimura,WAS
0.6125911616875802,1.342501079415331,-0.7405403231128962,-1.7447202696467627,-1.7663079895459213,Darius Bazley,OKC
5.678295125018157,2.036267123643659,-3.2618160592138907,-0.6241926765739859,-0.7713507816113968,Chris Boucher,TOR
2.788759416836454,0.5397349638037496,-4.693763244819656,-0.026740000552090498,0.17231662883679635,Lauri Markkanen,CHI
1.384499195614235,-1.3058430445844997,-4.795707968121752,-2.4231310575345564,-1.8697758308317212,Doug McDermott,IND
3.39114945193687,2.793597271765472,-4.438877480548347,1.308109580382025,4.5878224739172815,LaMarcus Aldridge,BKN
1.9844522518322567,2.70198977595219,-1.5319181152127979,2.520465862637318,-1.0979722986265918,Kelly Olynyk,HOU
7.648722512690255,4.482080861844078,0.8962085055641976,-1.6117778665776552,1.132600906868371,Montrezl Harrell,LAL
-0.6241586438421841,-0.6715850670517791,-3.1018556545404596,2.2090806716063383,-2.572332012102404,Mikal Bridges,PHX
-4.326955612492343,1.2216941770247,0.7443950346650698,0.7328770419143635,0.16849126695614772,Goran Dragic,MIA
0.5370030769652947,0.7397124620110807,-4.925614576606336,0.37983641059224027,2.458314376906612,Marcus Morris Sr.,LAC
-0.16297319976366992,1.7131590499788467,-3.9507772148062035,-2.619541244532925,4.420993395473534,Carmelo Anthony,POR
-0.3276527127121208,1.0632154490020396,-0.22860095089911014,-1.1406828049765594,-1.2340121913954551,Josh Jackson,DET
1.361586588945221,2.170334123706275,-5.0023362569738765,-1.68392433428774,2.885995313955052,Danilo Gallinari,ATL
-3.3517017710070327,-2.4519203988131535,-4.9652247577327335,3.9129393057889823,-2.410321872219208,Duncan Robinson,MIA
-3.5280427529536182,2.7811518648568567,1.8283590161418728,2.960708738471067,-1.0170333731699917,Marcus Smart,BOS
-6.94033949786355,-0.22015975817047678,1.5950747500263283,1.2223141269202031,-0.3297738865419838,Tyrese Haliburton,SAC
-4.072282525226499,0.48485276268697014,0.5766616579072145,-1.1584957031426661,-0.5207559243876932,Shake Milton,PHI
2.5785786536324093,2.732992930306197,-1.3928209583774955,4.0438799142655055,-1.3456748618940715,P.J. Washington,CHA
-2.9663483576855163,1.8697379940532675,2.039053308571599,-3.5972468102078614,0.01578773241767437,Cole Anthony,ORL
0.3771381776816801,-0.3425165927105204,-1.926330075797804,1.5408849776461155,-0.8961260203092418,Kyle Kuzma,LAL
9.292007177162276,4.933967203441533,0.6340860178664625,0.48942207175214103,-0.06459462299615999,Jarrett Allen,CLE
1.5273061220894883,0.647805303998194,-1.576252996706506,-2.1806186240839316,-1.5205072946475868,Keldon Johnson,SAS
1.0134142843905214,1.2545129423977301,-1.5847509336214576,1.5832109535905263,-1.7158539370839845,Miles Bridges,CHA
-2.9994375258613974,0.5355507737868563,-1.2830678810642069,-0.44193874926253596,1.7845936201488897,Alec Burks,NYK
-1.9896703064360055,0.7671392669379417,-0.9272507538088745,-0.019239643203323845,-0.9044952364791546,Will Barton,DEN
-4.440641645584273,0.4541530997157533,0.9663298745687305,-0.5601135075280393,1.959713695110945,Jalen Brunson,DAL
6.325234876895283,3.102599495461453,-3.3365565511651734,1.144631152117544,-3.0724848733220544,Myles Turner,IND
-5.027115222888047,-1.1085411732963275,-2.922420149485578,1.3647305548330417,1.276934231304537,Seth Curry,PHI
-1.310049478889906,1.4575880578218503,0.07031618355625349,0.5441006007743205,-0.9904986872849642,Kyle Anderson,MEM
1.1093766646430854,2.907005717171623,0.5441877430919697,0.7271176945967285,1.3412895488478176,Aaron Gordon,DEN
5.64740041652754,1.8852059186926564,-4.410468963839618,-1.1227142635477205,-0.07117987764547615,Brook Lopez,MIL
-0.24181451900076192,-0.6349411640265322,-4.689137343996471,-0.5292396952573574,-0.20948703622213719,Saddiq Bey,DET
-4.712260023600937,-0.5823955726954542,0.33113860533359724,0.4229425408103633,-1.3701855765427355,Eric Bledsoe,NOP
1.6695549364946711,1.706529789796298,-2.3778663209802158,1.6089609849888697,3.480455168518441,Kevin Love,CLE
-3.0432327405393234,-0.13897166273177394,-0.0917231216258834,0.2796912770169251,-1.148963511897938,Josh Richardson,DAL
3.3295599523785633,3.616826900612488,3.453195526390029,3.5162313894384694,1.3839986641485837,Thaddeus Young,CHI
-6.697678824595799,0.41147993038961467,0.3098410235333455,3.6141053214999133,-0.16145519051230534,Joe Ingles,UTA
-3.131479021938151,-1.998380944622037,-2.374879013695832,-1.5706342068818413,0.533474122733888,Jordan Poole,GSW
-3.235453213726656,-0.4088403104603156,-1.0437229557492442,1.8112351229651296,-1.6902572814243684,Kevin Huerter,ATL
-2.606239101852639,-1.7399302001922579,-2.110123510115127,-2.3103809677425846,0.6462469255415645,Malik Monk,CHA
1.001666924397062,0.4514512961056964,0.14635660275799123,-2.8560883265784724,-1.0146110360108296,Hamidou Diallo,DET
-1.2039981575765102,-3.8502426725115497,-5.036303773682182,1.847482192821526,-1.2116885995737188,Davis Bertans,WAS
6.509784790283896,0.5516064159830577,-1.3065800764712059,-1.4544396016955432,-0.8921231194247476,James Wiseman,GSW
6.004082795042881,4.592607991445183,0.7849714903107501,1.933687053047951,1.0406253348047667,Jusuf Nurkic,POR
4.048277367302325,0.9450161493257523,-2.2645278726497478,0.5462141350073182,0.9314052673026173,Bobby Portis,MIL
-4.948212814774478,-1.4604525132793251,0.37672660237648115,-1.1696736647092565,1.7643665625786513,Immanuel Quickley,NYK
0.5078231890781089,0.04410068126022744,-2.2920476411282062,-0.20399800443457652,2.1026617683302904,Rudy Gay,SAS
-5.031967471168018,0.43428242802362577,1.4828780071199923,-2.542670486979572,2.2221354993376097,Lou Williams,ATL
1.7132388654153872,1.583890173794671,0.6596718719495742,1.5960158303818048,-2.242909614720529,Jae'Sean Tate,HOU
-0.2642326035642619,-1.1788819437644982,-1.5945178083925604,-2.550089682800357,-2.4784136034387254,Cam Reddish,ATL
7.13971160042166,3.933606185494926,0.16860208318829384,0.7633585684144075,0.24470681640212588,Wendell Carter Jr.,ORL
5.876102912552805,0.9052118999311335,-1.7591098595633923,-1.5328212496158309,-0.4995835281999308,Naz Reid,MIN
9.016145523664816,4.105108395978618,1.1990032274647666,-1.214630201303792,0.8298202742935891,Enes Freedom,POR
-1.941252415808519,-3.1809962547954145,-2.85531731162193,0.24809591990392368,0.05218300273540139,Armoni Brooks,HOU
-3.165428575392374,-2.7133591901602765,-1.6449340593804602,-0.7154659538533796,0.6793685483671559,Lonnie Walker IV,SAS
5.2462002833338754,1.9767532483246146,-1.4237721882708836,1.629412809464731,2.567412376906444,Serge Ibaka,LAC
-2.7419371191239006,-1.6107133011349022,0.013916021476746334,-0.7553590074242899,-1.0537020942095456,Nickeil Alexander-Walker,NOP
1.0860601772541425,-0.13922787055017632,-3.730403737677162,-0.8487576944813152,0.49723932934079573,Jeff Green,BKN
0.6948511461790211,2.2019989167390497,-0.6110420948812609,1.1731132163600562,2.9311505583136643,Blake Griffin,BKN
-1.7337635729348013,-0.5811808066370191,-0.6244539131848102,-3.6614004263799065,-0.5418378766489568,Dwayne Bacon,ORL
-2.744561232045569,-3.0677938676960097,-4.389509359510042,3.201263589175034,-0.4417653443244524,Reggie Bullock,NYK
2.6162931669112286,-0.5749646310599758,-3.3197533873758402,0.31573862352160575,-2.770900279703987,Oshae Brissett,IND
-5.791874224142218,-3.441855130136423,-1.8782145728478352,0.4821830458711208,1.1221774899324322,Patty Mills,SAS
-4.368593553031637,-1.1910396721494039,0.35564809590302293,0.03850711971922942,1.6199420633623127,Ty Jerome,OKC
-3.320293138863571,-0.8828664152465733,-0.20634991100355699,1.2125502490469553,1.005552034403789,Reggie Jackson,LAC
-3.6580057532210213,-3.131586883617504,-1.512522105232468,0.827382157445068,0.027101049568596467,Grayson Allen,MEM
-1.4224487957841425,-2.307657595345335,-3.005732780776059,2.564180776071037,-2.384362734791511,Justin Holiday,IND
-2.2023794644040304,-1.1513984123090932,0.17362407565263974,2.590209009806654,-1.4744620943098985,Donte DiVincenzo,MIL
-2.543780391128688,-1.708407502364745,0.034231036231399364,0.6196919262539725,-1.4477345828863737,Cedi Osman,CLE
6.650792847391373,4.92119841756987,5.474862674443846,2.452983884683992,-0.8727418429626806,Mason Plumlee,DET
4.01924035681016,-0.13546372018519742,0.11949446193352631,0.33327880099279084,-1.5193355916107865,Brandon Clarke,MEM
-4.9391479744442846,0.47334053222680866,3.3628507047238827,1.482250001487235,-1.3721060284705209,Delon Wright,SAC
-4.940011366273277,-1.2869957111885428,0.9241423505285976,0.7132641008460104,1.0341226578585954,Monte Morris,DEN
-1.9691596701247447,-0.45530370816152177,3.2295455498813754,-0.9443682095897876,0.0421806933347272,Elfrid Payton,NYK
-5.1194657792530585,-1.2915204547460928,2.6894910785505193,0.9344115587492494,-0.5211476955241737,Theo Maledon,OKC
-1.3161408391751988,-0.4120333817939832,-1.446446536570143,-1.1812560300960404,-0.1950020627438863,Jeremy Lamb,IND
-0.37748768154817336,-1.1448495960377796,-2.555359933014767,4.093809200644576,0.00954014370919878,Jae Crowder,PHX
-2.0500173548979306,-4.374279071971666,-3.7175305618230046,-0.07221277167593573,1.737828883689525,Bryn Forbes,MIL
-2.9212144012548973,-2.4003594068838385,0.46755544923534365,0.3707577075216146,-0.7749051629331984,Gary Harris,ORL
0.28098780505227744,-1.5531948058331448,-1.85838029965922,3.6724591605748858,-1.4358101789518831,Dorian Finney-Smith,DAL
-0.6476166812248049,-3.030347498202664,-2.797434827912032,-1.6107719934529137,0.8472659875699532,Frank Jackson,DET
-2.6055800627104517,-2.9843721784795214,-1.9935952503384982,3.1582178695219842,-1.6997798977665695,Kentavious Caldwell-Pope,LAL
2.680137480485657,-2.0791805215177175,-3.8873824502934364,1.94575273768791,0.23243989970665258,Mike Muscala,OKC
0.1251353783912773,-1.729784557126679,-1.3421559319049226,-0.08477045887379911,1.2181667442991713,Otto Porter Jr.,ORL
5.302912653756734,0.9190206516981767,-1.3821267820848504,1.30346727492204,-0.7596691164348695,Daniel Theis,CHI
-0.01858402015576395,-0.49301611578623605,-0.5490488398503589,-0.15602507176407757,-2.659067189206153,Isaac Okoro,CLE
-2.900540369958512,-4.871669812048113,-3.3942965592579233,0.7011311789680734,0.935380309968841,Wayne Ellington,DET
-1.062791604201164,-3.46131794334756,-2.6543812840738665,2.47316760312485,-0.5243579815281281,Cameron Johnson,PHX
2.390525024305532,-0.17474467517435643,-0.8189441837197169,-2.3743293129208163,1.5613429894606248,Eric Paschall,GSW
-0.2467502870858462,-1.0777188890645297,-1.9172107321024265,-1.851595316990072,0.5366491692834536,Taurean Prince,CLE
-0.9583614353527958,-2.147408276907092,-2.5209136967437016,3.450782088713761,-2.6904169210122357,Danny Green,PHI
0.6425689329720916,-1.6515596800661558,-1.7205893251421716,2.238030134261424,-0.7778638644268415,Trevor Ariza,MIA
6.231464445702314,1.475760727869505,2.1854545216197283,-0.1527678239985955,-1.2904309735833142,Cody Zeller,CHA
1.9538894286351705,1.5860524098584776,1.4277978419432615,5.440084190090069,-0.8055027424668039,Larry Nance Jr.,CLE
4.348461198609706,-0.7362276279382108,-1.3564685063623478,-1.3256942634506668,-1.3418556832421011,Kenyon Martin Jr.,HOU
-2.523040973157431,-3.629738777743857,-3.116583448686012,0.42475491418498246,-0.8181610210498718,Landry Shamet,BKN
0.19451556288810537,-0.5212179756111126,-0.5684303661212303,1.694286723325761,-0.6810081426114382,Josh Hart,NOP
1.0454917960102814,-1.200044647124585,-1.3354344292782279,-0.29732719238029054,-1.5947210575491273,Patrick Williams,CHI
2.3931801661871592,-1.7798846525322103,-0.7116982661714694,-2.5220917255650637,-2.301925966722627,David Nwaba,HOU
-1.8359449955871383,-3.4983490294006727,-2.5863961592519558,0.7964492265984041,-0.6695052691514195,Desmond Bane,MEM
-2.398630059113496,-3.471296068568645,-2.3737472238371984,0.011913116084796933,-0.20549575159786834,Furkan Korkmaz,PHI
-2.8233119602011736,-1.6674072685793746,0.6239937979959935,1.872962583684583,-0.5521939691929173,De'Anthony Melton,MEM
7.575432338530349,0.9590472258037925,-0.07214891339230166,-1.6311766413483568,0.7830201691427807,Robin Lopez,WAS
8.69772532258823,2.98535991084474,0.9949699074914675,0.04172164255915285,-0.0041037463361185324,Ivica Zubac,LAC
-1.5398529712239235,-2.7615429624125074,-0.9676497085905654,-2.94594062187116,1.20804568080547,Jaylen Nowell,MIN
-2.6412558076621053,0.017419456442927677,2.619568197066001,-1.0562063395579084,-0.6342231657783615,Talen Horton-Tucker,LAL
2.8543430084264947,0.4940109200176408,-0.3692744850389119,0.8849448508489146,1.3937185918681863,Paul Millsap,DEN
3.1459080538729274,1.7082461166117255,-0.2918018110844571,1.6665036688609367,3.6876194629393764,DeMarcus Cousins,LAC
-1.5758360501024793,-0.35354931662641353,4.0328890568930795,-0.6370657178580696,-0.6755053333022459,Michael Carter-Williams,ORL
2.810301166036184,-1.344707455419114,1.472148651536554,0.7890213366038618,-2.1535863315118577,Bruce Brown,BKN
-0.9650825746599686,-2.2288600218344063,-0.2889447074431236,-0.2493808483037735,-2.4508373957350744,Danuel House Jr.,HOU
3.476100553776316,0.4634915708024609,-1.3531523148420548,1.2220748877360406,1.357723948438425,Dario Saric,PHX
2.604561330035375,0.38172516956601116,1.276574100819874,-0.5493116296515195,-1.8265668581016483,Isaiah Roby,OKC
-1.7736080797833222,-3.2733466161886793,-1.2616501955367587,-0.4066523714749162,-0.7057854777685277,Terence Davis,SAC
-2.8073045580145286,-1.6585503662871417,-0.3408314309203005,-1.142940044211451,-0.9512111172274318,Raul Neto,WAS
-2.724239473754694,-1.9256946842173173,1.2273861562438673,0.05860356607564402,1.4683921870093752,George Hill,PHI
-6.257649553857534,0.24326375607653938,6.854208017660381,3.0113262696808745,-1.3804359076332295,T.J. McConnell,IND
9.82573262507722,2.4220776864511446,1.410771896097631,-5.4328660702021345,-1.3682534620745352,Moses Brown,BOS
8.181811119892204,1.9716638650660108,4.295958187198357,2.2651763458635967,-2.5380677687634736,Jakob Poeltl,SAS
-6.433475399111291,-0.4385956871053488,3.7480649120490495,2.2560966525987602,-0.8259749584657308,Ricky Rubio,MIN
0.741206174669812,-0.35092683816134856,-1.6253441077193174,4.540833739385063,-2.2388781303074152,Robert Covington,POR
-2.9759835615291,-3.7068257277489978,-0.8976698930901206,-0.34670652617610426,-0.37599150745549675,Svi Mykhailiuk,OKC
-5.033093636411464,-1.3811937264883323,1.7928974671021953,0.2792350745152877,2.920517784792508,Cameron Payne,PHX
0.28148550423889573,-2.196853714876935,-1.6004933761112166,-0.7274669382490256,-0.787831312622137,James Ennis III,ORL
1.1352407745194857,-0.013304312524505684,3.9138791192405247,-1.385395074796312,2.963672332669846,Gabriel Deck,OKC
8.312592852520455,0.21627844499026022,5.068474097626997,1.9039706135689325,-3.521997031213049,Mitchell Robinson,NYK
-2.5873671594546206,-3.466486235389913,-2.0411909244199955,-0.156490112192056,2.18539148645309,Luke Kennard,LAC
-3.597901101445293,-1.1098434307883907,3.1879288442240417,1.0078299925702163,-1.5433457120848677,Cory Joseph,DET
-0.5184409971791746,-2.920988088625717,-1.8838941219995449,1.9793793080918276,-1.1593516125411845,Sterling Brown,HOU
-0.2594093583880373,-1.7874394728588654,0.48062075453170106,-0.7247396294722767,0.15473140993422554,Aleksej Pokusevski,OKC
9.92268585349208,2.147343001707641,1.2441888226016549,-3.788807453217989,1.3786825326610268,Hassan Whiteside,SAC
3.5858895169017537,-1.658431550505468,-1.570371727838502,1.2702111186071245,1.2688341406495605,JaMychal Green,DEN
0.14663868134549002,-1.9555627426658375,-1.1127438383991755,4.774975821743092,0.21208026164312493,Nicolas Batum,LAC
8.636980521355099,1.782977325632559,4.745410864639058,-0.768848640647922,-0.387145289838498,Robert Williams III,BOS
-3.1115745126638963,-2.584318379344975,1.4285214583773047,-2.493481532872761,1.9245096209850927,Tyrese Maxey,PHI
6.64133209056185,-0.18964318306182987,-0.8647379803319654,-2.061315036024759,1.8207914364925115,Mo Bamba,ORL
-0.5584286273984861,-1.5433908305762756,0.8602984800644581,0.41042115502980153,-1.331373965358946,Kenrich Williams,OKC
-4.438701642524618,-3.3452626711979017,1.3330695447478922,1.0334973708012871,1.251219335229036,Austin Rivers,DEN
7.667979498139207,1.3452037164645774,0.47764829288772864,0.7602604389704508,-0.5267817135819097,Isaiah Stewart,DET
-2.866028226133216,-3.4839264325943646,-0.9756240789104033,-1.0733548142119456,3.187488372740556,Anfernee Simons,POR
7.91401189562214,0.4850245732299779,2.218991838600137,-1.14675199907361,0.7244317726450555,Willy Hernangomez,NOP
-0.021895687539516196,-1.3003380884136548,0.4589461698750894,1.8424015424248672,1.2509974402130588,Chuma Okeke,ORL
-3.3359954838050134,-3.544790012227146,0.3402672832783168,1.4890904632109596,1.4324038669023176,Payton Pritchard,BOS
-3.741457420979273,-1.3620192863750022,3.1837804400217222,1.4387527137437768,0.13587893833101053,Tomas Satoransky,CHI
-0.2683218398576651,-1.8907500064159102,0.752313294642094,1.33214601271408,-0.5321605567945352,P.J. Dozier,DEN
-6.258241875322369,-0.9068184244413708,4.413085413005002,-1.4279612166901465,3.9957177786079145,Mike James,BKN
-0.47294919276048414,-1.1402098841164034,0.9577167901464778,0.10863842195322021,-1.3604072190278669,Naji Marshall,NOP
-6.073923188043881,-3.2077555087655587,1.7501444152315826,-0.42382836092831044,2.8133141511645574,D.J. Augustin,HOU
0.38638007961898063,-5.452894709497483,-3.1142305996513913,-0.24461183046167667,-1.3711874177654473,Ben McLemore,LAL
7.607798202108792,1.9496198497235315,3.940352698256567,-0.9961323289452108,-0.1298121767189303,Tristan Thompson,BOS
-1.3651164631901949,-2.8873007681122003,-0.8471990004830613,1.7753216293709866,-1.3017305154249454,Garrett Temple,CHI
6.983447458781644,2.068292347367515,4.915606012641255,0.4715412082879101,-1.2687364439167075,Steven Adams,NOP
-0.0723318528049076,-3.243070401111799,-1.332327645447122,-1.8094855606067866,-3.1529096193504813,Edmond Sumner,IND
-2.8337761716400016,-2.917221357307076,0.8363420006040186,3.0432365681729965,0.4363226996347926,Patrick Beverley,LAC
-5.658640387710494,-2.8661821722883927,3.824109862496415,0.7516048952559723,2.554783947366373,Malachi Flynn,TOR
6.009147718263242,-0.9137442644378453,-1.1151873956296623,-2.0549256132086233,-0.1507509343444071,Jaxson Hayes,NOP
9.036205740614253,1.6930262425171938,4.168636360128992,-2.3819790093356743,-0.7781488805439771,DeAndre Jordan,BKN
-3.7217710831909816,-6.260489029316209,-1.3108266372675461,-0.2782656515143693,1.7329193404781582,JJ Redick,DAL
-2.833575566185234,-4.196308797327499,-0.30331980070396114,-1.9357909308495422,2.902557205087881,Jalen Harris,TOR
2.596600429198562,-2.0238036999621465,-0.3126257262470287,-1.4085470050851236,-1.4756843186290367,Jalen McDaniels,CHA
7.007353424895312,0.7496513528884341,1.5361612647171634,-0.8805831314956136,1.9949075266840626,JaVale McGee,DEN
1.0928109466833922,-1.4512877025581845,0.9233838109871333,-1.4925240658889332,-0.6931915260318803,James Johnson,NOP
3.804687574415259,-2.700144727829801,-2.255865030115305,-2.931420823003748,-0.18356778797445691,Juancho Hernangomez,MIN
-1.020451278632658,-3.258120908933847,-1.2148277473151603,-2.1158446202650945,0.5794328856486234,Justin Jackson,MIL
-3.348821902296778,-3.705690533062196,-0.4177193704942272,-1.369767890144199,-0.2111066868181871,Aaron Holiday,IND
4.897856756826356,-0.16327215776485068,1.4962808817597566,1.23581314119642,-1.0678940521801925,Khem Birch,TOR
0.23855683271463093,-1.9309642924592,-0.2368630990898859,1.715654393830707,-1.8735744921586914,Kent Bazemore,GSW
8.699599180143368,0.4900932490202419,2.7841854727697872,-3.248401972283242,0.3390942770493001,Tony Bradley,OKC
8.21539478437554,1.0759817262904554,1.7761229709368374,-0.7962169258537294,2.0388239887574673,Dewayne Dedmon,MIA
1.1901355289578408,-2.418056051212962,-2.577072086580739,3.8122505033269403,0.5401387879267426,Maxi Kleber,DAL
-0.8204682118698163,4.110967821565293,4.811421378115917,7.094368327340365,-1.578901284583136,Draymond Green,GSW
-0.31494065928239356,-2.2444504429796037,0.5992319408151695,0.03702991774979569,0.448456684501883,Terance Mann,LAC
9.818562663231189,0.7178602768718304,2.2129056437393206,-2.940580690391285,-1.9438849415274504,Daniel Gafford,WAS
0.9112286445673314,-2.6964032296889626,-0.5530975355089487,-1.642295411554963,0.4056318409859022,Ignas Brazdeikis,ORL
-1.2399975489359971,-1.3488106395843271,-0.0016907646748984908,6.586149072807286,-2.5891286453421474,Royce O'Neale,UTA
8.969634512132203,2.933264138010111,2.463111804245548,-2.0216030197064496,0.8424191255546728,Dwight Howard,PHI
0.27908535962853015,-4.333702022406332,-3.6595262144773164,1.5889853786808177,0.8220495959522116,Georges Niang,UTA
-1.1626921721889705,-3.0580122481618486,1.212945180335424,-3.0068637093790893,0.9810350233050714,R.J. Hampton,ORL
3.761131597054595,-1.1383602995180786,-1.3927202732180772,-1.4491375332145644,0.13991383453987394,Moritz Wagner,ORL
0.850966948328045,-3.0233175836411297,2.1743484612036448,-0.9258454249480444,-0.6532802741937557,Justise Winslow,MEM
3.084752309287683,-3.379871322589234,-0.3225987231380857,-0.13987207307358993,-2.240482438483494,Derrick Jones Jr.,POR
2.97195589517033,-0.8634252146854947,-0.7364703300663827,-0.9015121200447608,1.9147955794846185,Gorgui Dieng,SAS
0.6467694538953875,-3.8384888114877342,-1.6182535521319088,2.7305366089479337,-0.5973900278959992,Pat Connaughton,MIL
2.0111748146413295,-3.326562395306879,-1.125335134613563,1.4486183542885436,-2.366150928870648,Jaden McDaniels,MIN
-5.802896366171064,-1.5143881370553625,4.978201486255745,1.6382685793615346,-0.32850221059485996,Killian Hayes,DET
-4.233241608407774,-1.2090468059923127,2.720700914564261,-2.3051816738218274,3.737395936748661,Jeff Teague,MIL
-4.411002793919825,-2.206927032411715,4.153242248011899,1.1027215443173202,1.7122948786026813,Ish Smith,WAS
-2.841171989541486,-3.9946428806859364,0.9158424646902789,-0.1424745459805482,0.9742975749081179,Damyean Dotson,CLE
-3.3250904385537026,-1.001772295284038,4.62087834532649,0.6240782610615206,1.7938093655606617,Dennis Smith Jr.,DET
2.0487491739306503,-1.4095130131541354,-0.9885412661577434,1.4538570019904833,2.63802903383219,Markieff Morris,LAL
2.2173937812322753,-2.946339791639226,-1.7036055601368005,-1.4198522535794953,0.6455112393814801,Abdel Nader,PHX
-3.581858902858029,-4.290687861289333,0.15850623547635576,-1.513729624725464,2.856365113413717,Trey Burke,DAL
7.012901082803961,-0.8416861718049571,2.0557991529377393,0.0001065202129634429,-1.4485102601924784,Nic Claxton,BKN
4.302443364599543,-1.7569671418802069,0.5413247983527019,1.525021589096852,-0.7968060894925002,Xavier Tillman,MEM
7.654968995462898,-0.1356900911280464,0.44247854896086614,-2.6250749797299386,-0.48018065203151383,Alex Len,WAS
3.3339902294469557,-1.1376284375053203,-0.00559095064955175,0.8534258871508713,2.598020587200325,Frank Kaminsky,PHX
-2.048536858282166,-3.6451743247699637,-0.2944061565747978,1.230492012442726,1.366050430323046,Denzel Valentine,CHI
-0.5801631234616595,-4.132320863344633,-1.679119831260419,2.0279728753993362,-0.12848399734563004,Damion Lee,GSW
1.4239824884479126,-1.9054987563912957,0.47903091821538235,-0.6813796525112232,1.5018444342880535,Nemanja Bjelica,MIA
-3.56599745410412,-3.9958596388274175,1.8179569681311571,-1.6671607284132794,0.8802654715848335,Chasson Randle,ORL
-1.0519339194317978,-4.290365784799743,-0.7805781399483221,0.7613134106982116,-1.4211567515896089,Avery Bradley,HOU
-2.3040237121897267,-2.260578064723456,2.4075169465757336,3.4164728507682476,-1.346589896564715,Alex Caruso,LAL
-0.1512619929240532,-4.752280328592097,-1.3969336971922794,0.3078344234833341,-1.2184986112566656,Timothe Luwawu-Cabarrot,BKN
-3.7270868895490366,-3.842521728584116,1.9468569689128883,-0.35450171498220623,-0.4085139328769156,Kira Lewis Jr.,NOP
2.0358650969856233,-2.7396225469775546,-1.6334485955015028,0.3543348952002001,-2.146515006415526,Deni Avdija,WAS
-5.595643992551593,-3.171990493896561,3.9082162357810124,0.9907323837879266,2.5111505865314183,Tyus Jones,MEM
4.618509423954307,-1.4802563382987888,-0.9267242900194718,-2.018490411262337,1.65931657632988,Chimezie Metu,SAC
4.864517964245415,-2.7487069528502435,0.3170378595190847,1.0417964977609913,-0.11102430914717885,Aron Baynes,TOR
3.8537194044288525,-1.5445479311325214,3.72115974814142,-3.3203010402657425,-1.8687462111647086,Jaylen Hoard,OKC
-5.363453009762696,-3.4590874108719247,2.4729271179730605,2.6568160664213267,-0.08928335784967817,Facundo Campazzo,DEN
-0.34687492731345226,-5.840594295755699,-2.931036635922902,-1.6896169830543355,2.457950288497832,Max Strus,MIA
0.7806651051090676,-3.8078132919419008,-1.0308167893645854,2.313325276723287,0.4993167636378762,Dean Wade,CLE
5.733174344200821,0.1743780603697164,0.7207047780151055,-1.9591327802299423,0.41557822765711167,Dwight Powell,DAL
5.541612653354672,-0.4948016860650799,-2.0595875292696446,-0.3344189932374104,2.042218082909483,Drew Eubanks,SAS
0.21238607324082515,-2.2708562469704705,3.3968576323404682,0.4255099729342381,-1.9744789093596031,DeAndre' Bembry,TOR
0.3311202066958063,-4.434886185071227,-0.29955907691741135,-2.116225778344824,1.5137870946190215,Rodney McGruder,DET
0.4854982904729629,-1.7998049791221469,1.274501261764386,4.123616946332442,-1.6609442500190321,Juan Toscano-Anderson,GSW
0.7219425728884307,-6.455947195567569,-4.119172156968468,-1.6422610879487625,0.8896666103133581,Mychal Mulder,GSW
8.107119677832307,-1.1137791419383816,4.442369954969922,-1.6371441112663048,-1.4548100144894534,Donta Hall,ORL
-7.732204468483308,-4.549573048328745,4.028187026184492,1.265807486589799,5.263078811646916,Yogi Ferrell,LAC
-4.1583085037564995,-2.3193348708648087,4.207977079996307,-0.9803968407149422,0.32039954053883424,Saben Lee,DET
7.950329386850446,-0.5790639376454052,3.2036623505344552,-1.588011988679423,-2.599658362716487,Freddie Gillespie,TOR
1.2532840122805158,-3.9839872018133997,-1.0006547884913777,-0.8356720777485931,0.9018997580561321,Anthony Lamb,HOU
4.705150899225942,-1.1700068728694237,-0.09434884593489401,-2.6513963642113603,2.8680498391835823,Jabari Parker,BOS
-0.7552270579279536,-5.69193400826649,-4.318469682815413,-1.8961460114825703,-0.3931243635261062,Garrison Mathews,WAS
-2.4891172858045243,-1.815236177964252,3.2002748101005727,-1.7068158078424245,-0.34619199493415165,Brad Wanamaker,CHA
0.26787484343149454,-4.228117256326985,-1.2693495986800183,-0.7925343224234487,0.5772321898492763,Devin Vassell,SAS
2.3956819751663803,-3.367101427639685,0.0456471485779278,0.17882063649123867,0.4690101115604633,Torrey Craig,PHX
8.106904925156503,-0.5202938196565892,3.500280993009414,-0.8552543162458401,-1.4905719173922294,Derrick Favors,UTA
4.520778884617762,-3.472158125736612,1.0512944488051836,2.1943890416211755,-1.6160445612774834,Justin Patton,HOU
-3.15418976386684,-5.666523237570201,0.05004890463963226,2.227030627604864,2.227489922664772,Tyler Johnson,BKN
-5.067873719156539,-1.7275884335855463,5.226589356278812,1.6988957669955516,3.180500416368057,Rajon Rondo,LAC
4.755451722235422,-1.7675708663949974,3.8429101585685848,1.3195209699195414,-3.55696270337043,Jarred Vanderbilt,MIN
6.191082194135143,-1.1384401314401404,0.8085812188379645,-2.9103218407750333,2.282775036902825,Jahlil Okafor,DET
1.7777794833063725,-3.149840886513717,0.36929613512818366,-1.7126727820608212,-2.1626151606276047,Josh Okogie,MIN
5.848235030817288,-0.5715168268393873,2.5775138716435677,1.9348753725348478,0.04072960802582076,Taj Gibson,NYK
-2.4953400356533573,-5.346255182302637,-2.3524224061411996,2.8312432339948663,2.757945145668727,Tony Snell,ATL
2.553558823847047,-3.5673816766833517,0.7914134855971922,-2.8219601056669172,0.5204663554486352,Jarrett Culver,MIN
6.467437769363538,-1.5009442966472515,2.261116758933623,0.37775021160174316,-0.9631098370796451,Willie Cauley-Stein,DAL
0.37730846922088196,-4.993453279475092,-1.217386792503684,-2.727820538997058,1.0596089537185256,Glenn Robinson III,SAC
1.4295091664253132,-2.814078578424585,-0.48440556226516507,-0.8425929342368097,-1.4911949060441307,Maurice Harkless,SAC
3.015378398819529,-3.367999361377549,-0.5858961818367932,-0.6638796664565191,1.3675245476706763,D.J. Wilson,HOU
1.0106548191926978,-3.622894052176255,0.18908993594172985,0.3436658140314528,-0.27266833890054304,Dylan Windler,CLE
1.8126033185654662,-4.228022127904794,-2.2747487583264996,-0.3771957835772372,2.0087610199261934,Patrick Patterson,LAC
6.035579339379408,-2.5019248190733268,0.5740316378741066,-0.8559007911398477,-0.15255688935668127,Goga Bitadze,IND
1.8347802005296743,-4.525282210313907,-1.0776757770158254,-2.5908782761242657,-1.6324556742140721,Jake Layman,MIN
5.969775651621519,-0.7240547694176164,2.149483062056626,-0.254980804015863,0.4451036044013798,Isaiah Hartenstein,CLE
2.614861711292403,-3.560716452852012,-0.4132437085996868,-2.0892559717795636,-0.6561748710075502,Sekou Doumbouya,DET
7.756487078437532,1.1450108368133014,4.295702729446302,0.6606845783283911,-3.6570947214965766,Nerlens Noel,NYK
2.7561744335852167,-1.091182636608988,1.2588184843078163,5.192533102838644,1.7482671572040853,Marc Gasol,LAL
-4.8355864748519926,-4.337525955228769,3.6940155537878963,1.3375106099648895,-0.44817482468533915,Jordan McLaughlin,MIN
7.0790600043341225,-1.4220048186710192,5.1774931211303885,0.2924151737885742,-2.3763838793315255,Bismack Biyombo,CHA
3.685856758250256,-3.7125429250704842,-1.5012260060100175,-2.487047017578328,1.6971644196765603,Trey Lyles,SAS
7.687789162788055,-2.001254418486971,3.7910053911050516,-3.5582454553378797,-1.706507997124611,Precious Achiuwa,MIA
0.033102443125035706,-4.264705631644176,1.7107451534063607,-0.7556242310515987,0.17455814526990768,Caleb Martin,CHA
-1.1946185528970943,-3.857381974366193,2.2937665867086383,-1.0791157865445618,1.9896124231794252,E'Twaun Moore,PHX
-1.5111614320704994,-5.164439973966239,2.1007930022622836,-0.6076343950404077,-0.3513025985448649,Jerome Robinson,WAS
4.096975319937836,-2.881433750386309,0.469376476784534,-1.606801640105174,1.7536260761019973,Tyler Cook,DET
-4.092422750031008,-4.314823026619278,3.2528241329546725,-0.8701448337717816,1.1955644343802634,Brandon Goodwin,ATL
-2.1322403516809088,-5.173869804256895,0.8798365257922665,-0.7031791401014506,0.22338887347236253,Gabe Vincent,MIA
-1.0464653740942897,-5.363963309932502,-0.5680102967495717,3.2662280769351106,-0.614421686260763,Wesley Matthews,LAL
1.5634516448370976,-4.8175183310499445,-1.069278344322868,-0.1480902143031382,0.23147418770936862,Aaron Nesmith,BOS
0.8836757918299442,-4.981411577580545,0.1013144089305862,-0.2039143968897495,0.8707232092240638,Troy Brown Jr.,CHI
7.0297702272171705,-1.5329338553419027,1.2265532372287136,-2.396353807653701,-0.3854074324975005,Damian Jones,SAC
2.0780654740775963,-3.7278844466525993,-0.16989257315161865,1.247042718168347,-0.40357837768404853,Grant Williams,BOS
0.7297156437271355,-5.346580727988278,-1.7430543738689017,0.532040645633229,0.9511858755865522,Semi Ojeleye,BOS
2.2036135760235194,-3.6524266482755023,-1.1760458596694074,-3.5887615888253626,3.0386384420572865,Nassir Little,POR
9.137939619043491,-1.0767316971315128,3.0954041284684815,-5.086067741575063,-0.3327788206325819,Onyeka Okongwu,ATL
-1.1068910893311585,-4.332680631244053,2.23660053295533,-0.6905684893521321,2.544758742324003,Rodney Hood,TOR
-0.017129531016950545,-4.302158091367851,-0.13857102977570626,2.322495034816524,0.42773169469472394,Solomon Hill,ATL
-0.12050225536900001,-6.4549132721630675,0.7090090945546738,-1.3480265839887515,0.07909342535282837,Charlie Brown Jr.,OKC
1.9975808764756526,-1.7923309675940988,3.7184205031416626,1.3130486980374347,1.2646409129988982,Al-Farouq Aminu,CHI
-0.45967491268535277,-4.055850583846031,1.7474406741561566,0.2032924841297791,0.08308562815331978,Stanley Johnson,TOR
-1.1216468960111832,-3.765216625358084,2.601852470653154,5.039105038767095,0.3849521721377651,Andre Iguodala,MIA
1.167553209341395,-4.736471640603105,-0.2647163885586096,0.944821218500647,0.1410593330814106,Yuta Watanabe,TOR
2.1775998051172687,-3.9097541107353364,-1.475210230757284,-2.7283717473845854,0.3905846094083463,Chandler Hutchison,WAS
0.5958716839967255,-4.78749833486828,0.2091346568875569,1.2690602836001257,-0.6875082433107058,John Konchar,MEM
1.9177209070809265,-4.973408794382889,-1.7097530500228928,0.528984849657285,1.56842099137488,Mike Scott,PHI
3.728884180022263,-3.072402880031021,1.0757441373225989,-3.317802126712627,0.13683884792673878,Lamar Stevens,CLE
4.444410168187688,-0.8696064672861625,3.6592510663660134,2.7332432591173794,0.7108047843150982,Kevon Looney,GSW
-5.29655371661589,-5.170928580120021,4.5250924019606575,0.20461666273463058,2.217770145957253,Nico Mannion,GSW
0.9517290819242898,-5.012948204199485,-1.1108343666526623,-1.9071992629826178,1.4959596905689585,DaQuan Jeffries,SAS
-0.06594378557057826,-4.965417244320943,2.6247433167051364,-3.6168509148312435,0.9736759388417092,Josh Hall,OKC
-2.957619891528695,-5.6995727528674704,4.081077800156691,-1.835484436068285,5.605562640184184,Jordan Bone,ORL
0.32712143776449576,-4.322849056681235,3.266474483846965,0.6377380848886883,-0.6929416941846872,Cody Martin,CHA
-0.10102510940017205,-5.362757079919922,1.2876679138662859,3.1579036732933776,-2.4186093242532,Matisse Thybulle,PHI
0.3142903790865147,-4.106247150327507,1.7956491407000335,-1.4493492515246176,0.048547068774415815,Brodric Thomas,CLE
0.8598113109317721,-3.993464076460074,0.5529974518320073,2.9935367869013905,-1.8530577879990415,P.J. Tucker,MIL
1.3788593456492988,-5.283662711400341,1.397323952023873,-2.07123056956886,0.9931785927569661,Romeo Langford,BOS
0.7217129462898516,-6.328150460586801,1.1331606923832216,2.4329599463182756,1.2724737111610196,Gary Clark,PHI
0.5782345200580468,-4.981867655623442,1.9025479022750222,2.5298446965164443,2.565430962424412,Nicolo Melli,DAL
-3.9730160852614436,-4.334199033948256,5.979366134271505,1.5846144798842337,4.677170697870676,Matthew Dellavedova,CLE
1.2956504093426977,-6.97820782660239,1.7530297521868052,0.08362373948407102,0.8219600361267578,KZ Okpala,MIA
1.7000188479922311,-6.56183683569979,1.3888667746407533,-1.8071816875483555,-1.0211374825381132,Wes Iwundu,NOP
5.541326937247633,-2.024050401242015,7.495930766806015,-0.5587608376450273,0.5570763138632279,Ed Davis,MIN
